date,temperature_2m_max,temperature_2m_min,precipitation_sum,temperature_mean,humidity_mean,pressure_mean,wind_speed_mean,precipitation_hourly_sum,temperature_lag_1,temperature_lag_3,temperature_lag_7,temperature_rolling_3,temperature_rolling_7,humidity_rolling_3,pressure_rolling_3,day_of_week,month,target_next_day_max_temp
2022-01-08,27.6,18.0,0.3,22.0,72.75,1015.225,11.424999999999999,0.30000000000000004,27.6,27.6,27.8,27.566666666666666,27.385714285714283,69.52777777777779,1015.0694444444445,5,1,28.7
2022-01-09,28.7,18.0,0.4,22.508333333333336,70.58333333333333,1013.3833333333333,8.841666666666667,0.4,27.6,27.5,27.1,27.96666666666667,27.614285714285717,70.58333333333333,1014.5236111111111,6,1,26.5
2022-01-10,26.5,18.2,3.0,21.400000000000002,79.625,1013.9625,7.333333333333333,3.0,28.7,27.6,27.3,27.599999999999998,27.5,74.31944444444444,1014.1902777777777,0,1,26.6
2022-01-11,26.6,17.3,4.9,20.820833333333333,82.95833333333333,1013.7583333333333,10.608333333333333,4.9,26.5,27.6,27.0,27.266666666666666,27.442857142857143,77.72222222222221,1013.701388888889,1,1,26.1
2022-01-12,26.1,17.0,1.5,20.275000000000002,83.58333333333333,1013.5208333333334,8.545833333333333,1.5,26.6,28.7,27.6,26.400000000000002,27.228571428571428,82.05555555555554,1013.7472222222223,2,1,24.1
2022-01-13,24.1,18.1,1.1,20.245833333333334,85.875,1013.2791666666667,9.887500000000001,1.1,26.1,26.5,27.5,25.599999999999998,26.74285714285714,84.13888888888887,1013.5194444444445,3,1,27.3
2022-01-14,27.3,18.3,1.2,21.479166666666668,78.25,1012.7041666666668,11.075000000000001,1.2,24.1,26.6,27.6,25.833333333333332,26.7,82.56944444444444,1013.1680555555555,4,1,25.2
2022-01-15,25.2,16.8,1.0,20.420833333333334,80.66666666666667,1014.6958333333333,8.020833333333334,1.0,27.3,26.1,27.6,25.53333333333333,26.357142857142858,81.59722222222223,1013.5597222222223,5,1,26.5
2022-01-16,26.5,16.8,0.1,20.6125,78.08333333333333,1016.4166666666666,8.416666666666666,0.1,25.2,24.1,28.7,26.333333333333332,26.04285714285714,79.0,1014.6055555555555,6,1,24.9
2022-01-17,24.9,15.8,0.8,20.25,80.66666666666667,1017.8666666666667,6.345833333333334,0.8,26.5,27.3,26.5,25.53333333333333,25.814285714285713,79.80555555555556,1016.3263888888888,0,1,27.0
2022-01-18,27.0,16.6,0.0,20.945833333333333,68.33333333333333,1016.3000000000001,5.208333333333333,0.0,24.9,25.2,26.6,26.13333333333333,25.87142857142857,75.69444444444444,1016.8611111111112,1,1,27.6
2022-01-19,27.6,14.7,0.0,21.295833333333334,58.708333333333336,1014.3375,6.345833333333334,0.0,27.0,26.5,26.1,26.5,26.085714285714285,69.23611111111111,1016.1680555555555,2,1,29.3
2022-01-20,29.3,14.9,0.0,21.758333333333336,58.541666666666664,1011.8708333333334,5.566666666666666,0.0,27.6,24.9,24.1,27.96666666666667,26.82857142857143,61.86111111111111,1014.1694444444444,3,1,29.9
2022-01-21,29.9,15.4,0.0,22.070833333333336,57.5,1011.2291666666666,9.9125,0.0,29.3,27.0,27.3,28.933333333333337,27.2,58.25,1012.4791666666666,4,1,31.0
2022-01-22,31.0,15.8,0.0,22.8625,52.625,1009.5458333333332,6.933333333333334,0.0,29.9,27.6,25.2,30.066666666666663,28.028571428571432,56.22222222222222,1010.8819444444443,5,1,28.8
2022-01-23,28.8,16.6,0.0,22.566666666666666,52.5,1009.4666666666667,11.420833333333334,0.0,31.0,29.3,26.5,29.900000000000002,28.357142857142858,54.208333333333336,1010.0805555555554,6,1,26.6
2022-01-24,26.6,16.0,0.0,20.691666666666666,52.958333333333336,1010.875,7.675,0.0,28.8,29.9,24.9,28.8,28.6,52.69444444444445,1009.9625,0,1,26.9
2022-01-25,26.9,14.9,0.0,20.183333333333334,56.041666666666664,1011.4958333333334,6.866666666666667,0.0,26.6,31.0,27.0,27.433333333333334,28.585714285714285,53.833333333333336,1010.6125000000001,1,1,27.3
2022-01-26,27.3,15.0,0.0,20.795833333333334,54.833333333333336,1012.3916666666668,7.0375000000000005,0.0,26.9,28.8,27.6,26.933333333333337,28.542857142857144,54.611111111111114,1011.5875000000001,2,1,26.9
2022-01-27,26.9,15.7,0.0,20.675,53.458333333333336,1013.9083333333333,9.612499999999999,0.0,27.3,26.6,29.3,27.03333333333333,28.2,54.77777777777777,1012.5986111111112,3,1,26.4
2022-01-28,26.4,13.7,0.0,19.325,47.666666666666664,1015.4916666666667,7.795833333333333,0.0,26.9,26.9,29.9,26.866666666666664,27.699999999999996,51.986111111111114,1013.9305555555557,4,1,27.5
2022-01-29,27.5,12.0,0.0,18.8625,46.958333333333336,1016.0833333333334,7.2875000000000005,0.0,26.4,27.3,31.0,26.933333333333334,27.199999999999996,49.36111111111111,1015.1611111111112,5,1,28.9
2022-01-30,28.9,12.3,0.0,20.433333333333334,46.0,1014.0875,5.245833333333334,0.0,27.5,26.9,28.8,27.599999999999998,27.214285714285715,46.875,1015.2208333333333,6,1,30.2
2022-01-31,30.2,16.6,0.0,22.40833333333333,42.041666666666664,1012.4875000000001,4.6125,0.0,28.9,26.4,26.6,28.866666666666664,27.728571428571428,45.0,1014.2194444444444,0,1,31.0
2022-02-01,31.0,17.3,0.0,22.983333333333334,43.75,1011.6,5.575,0.0,30.2,27.5,26.9,30.03333333333333,28.314285714285717,43.93055555555555,1012.725,1,2,31.2
2022-02-02,31.2,15.9,0.0,23.829166666666666,52.166666666666664,1012.0208333333334,5.8625,0.0,31.0,28.9,27.3,30.8,28.87142857142857,45.98611111111111,1012.0361111111112,2,2,30.8
2022-02-03,30.8,17.0,0.0,23.77916666666667,58.458333333333336,1010.5333333333333,10.866666666666667,0.0,31.2,30.2,26.9,31.0,29.428571428571427,51.458333333333336,1011.3847222222222,3,2,28.3
2022-02-04,28.3,17.2,0.0,22.55,41.0,1010.5041666666666,10.195833333333333,0.0,30.8,31.0,26.4,30.099999999999998,29.7,50.541666666666664,1011.0194444444445,4,2,28.4
2022-02-05,28.4,14.0,0.0,21.358333333333334,44.0,1012.1833333333334,7.4624999999999995,0.0,28.3,31.2,27.5,29.166666666666668,29.828571428571426,47.81944444444445,1011.0736111111111,5,2,28.7
2022-02-06,28.7,14.8,0.0,21.34166666666667,48.875,1014.7166666666667,8.695833333333333,0.0,28.4,30.8,28.9,28.46666666666667,29.8,44.625,1012.4680555555556,6,2,30.7
2022-02-07,30.7,16.3,0.0,23.15416666666667,62.75,1014.475,5.745833333333334,0.0,28.7,28.3,30.2,29.266666666666666,29.87142857142857,51.875,1013.7916666666666,0,2,30.6
2022-02-08,30.6,17.7,0.0,24.079166666666666,58.416666666666664,1013.0458333333332,7.266666666666667,0.0,30.7,28.4,31.0,30.0,29.814285714285713,56.68055555555555,1014.0791666666668,1,2,30.6
2022-02-09,30.6,18.6,0.0,24.037499999999998,60.375,1012.8249999999999,11.450000000000001,0.0,30.6,28.7,31.2,30.633333333333336,29.728571428571428,60.513888888888886,1013.4486111111111,2,2,30.1
2022-02-10,30.1,17.7,0.0,23.59166666666667,59.25,1013.1916666666666,6.641666666666667,0.0,30.6,30.7,30.8,30.433333333333337,29.628571428571426,59.34722222222222,1013.0208333333334,3,2,29.3
2022-02-11,29.3,18.8,0.0,23.579166666666666,57.125,1013.9416666666666,9.054166666666667,0.0,30.1,30.6,28.3,30.0,29.771428571428572,58.916666666666664,1013.3194444444443,4,2,29.2
2022-02-12,29.2,17.0,0.0,22.516666666666666,46.583333333333336,1013.6416666666668,8.891666666666667,0.0,29.3,30.6,28.4,29.53333333333333,29.885714285714283,54.31944444444445,1013.5916666666667,5,2,28.9
2022-02-13,28.9,15.2,0.0,21.629166666666666,44.708333333333336,1012.225,8.545833333333333,0.0,29.2,30.1,28.7,29.133333333333336,29.914285714285715,49.47222222222223,1013.2694444444445,6,2,29.6
2022-02-14,29.6,15.3,0.0,22.116666666666664,55.458333333333336,1011.7624999999999,7.608333333333333,0.0,28.9,29.3,30.7,29.233333333333334,29.75714285714286,48.916666666666664,1012.5430555555555,0,2,30.1
2022-02-15,30.1,17.2,0.0,23.40833333333333,59.125,1011.3708333333334,8.375,0.0,29.6,29.2,30.6,29.53333333333333,29.685714285714287,53.09722222222222,1011.7861111111112,1,2,30.1
2022-02-16,30.1,18.0,0.0,23.858333333333334,58.708333333333336,1009.3166666666666,7.504166666666666,0.0,30.1,28.9,30.6,29.933333333333337,29.614285714285717,57.76388888888889,1010.8166666666666,2,2,30.7
2022-02-17,30.7,18.6,0.0,24.483333333333334,48.041666666666664,1008.6999999999999,8.945833333333333,0.0,30.1,29.6,30.1,30.3,29.699999999999996,55.291666666666664,1009.7958333333332,3,2,30.6
2022-02-18,30.6,19.0,0.0,24.325,52.833333333333336,1010.8000000000001,9.9,0.0,30.7,30.1,29.3,30.46666666666667,29.88571428571429,53.194444444444436,1009.6055555555555,4,2,31.4
2022-02-19,31.4,17.4,0.0,24.45,43.666666666666664,1012.4416666666666,8.808333333333334,0.0,30.6,30.1,29.2,30.900000000000002,30.199999999999996,48.18055555555555,1010.6472222222222,5,2,32.4
2022-02-20,32.4,19.2,0.0,25.34166666666667,42.0,1010.5,10.329166666666667,0.0,31.4,30.7,28.9,31.466666666666665,30.7,46.166666666666664,1011.2472222222223,6,2,32.5
2022-02-21,32.5,18.1,0.0,24.974999999999998,42.791666666666664,1010.0041666666666,7.6499999999999995,0.0,32.4,30.6,29.6,32.1,31.114285714285717,42.819444444444436,1010.9819444444444,0,2,32.8
2022-02-22,32.8,17.6,0.0,25.116666666666664,42.333333333333336,1012.1083333333332,9.170833333333333,0.0,32.5,31.4,30.1,32.56666666666666,31.5,42.375,1010.8708333333333,1,2,32.0
2022-02-23,32.0,18.2,0.0,24.3625,56.875,1014.8125,9.2875,0.0,32.8,32.4,30.1,32.43333333333333,31.77142857142857,47.333333333333336,1012.3083333333333,2,2,33.0
2022-02-24,33.0,18.6,0.0,25.145833333333332,47.25,1015.4833333333332,9.987499999999999,0.0,32.0,32.5,30.7,32.6,32.1,48.81944444444445,1014.1347222222221,3,2,33.5
2022-02-25,33.5,18.3,0.0,25.395833333333332,39.5,1014.3708333333334,9.366666666666667,0.0,33.0,32.8,30.6,32.833333333333336,32.51428571428571,47.875,1014.888888888889,4,2,32.0
2022-02-26,32.0,17.7,0.0,24.34166666666667,42.0,1014.9666666666667,12.0375,0.0,33.5,32.0,31.4,32.833333333333336,32.6,42.916666666666664,1014.9402777777777,5,2,32.2
2022-02-27,32.2,18.4,0.0,24.795833333333334,42.916666666666664,1014.9041666666667,10.979166666666666,0.0,32.0,33.0,32.4,32.56666666666667,32.57142857142857,41.47222222222222,1014.7472222222223,6,2,32.8
2022-02-28,32.8,17.8,0.0,25.275000000000002,32.708333333333336,1014.1291666666666,10.629166666666666,0.0,32.2,33.5,32.5,32.333333333333336,32.614285714285714,39.208333333333336,1014.6666666666666,0,2,33.4
2022-03-01,33.4,18.4,0.0,26.070833333333336,29.666666666666668,1013.9291666666667,10.004166666666666,0.0,32.8,32.0,32.8,32.800000000000004,32.699999999999996,35.09722222222222,1014.3208333333333,1,3,33.3
2022-03-02,33.3,18.4,0.0,25.870833333333334,34.375,1013.6958333333333,9.1875,0.0,33.4,32.2,32.0,33.166666666666664,32.885714285714286,32.25,1013.9180555555555,2,3,33.0
2022-03-03,33.0,19.2,0.0,26.045833333333334,33.458333333333336,1013.4250000000001,10.799999999999999,0.0,33.3,32.8,33.0,33.23333333333333,32.885714285714286,32.5,1013.6833333333334,3,3,33.5
2022-03-04,33.5,19.3,0.0,26.241666666666664,36.041666666666664,1013.4791666666666,10.241666666666665,0.0,33.0,33.4,33.5,33.26666666666666,32.885714285714286,34.625,1013.5333333333333,4,3,34.1
2022-03-05,34.1,19.6,0.0,26.349999999999998,36.958333333333336,1012.4708333333333,9.2875,0.0,33.5,33.3,32.0,33.53333333333334,33.18571428571428,35.486111111111114,1013.125,5,3,33.1
2022-03-06,33.1,19.4,0.0,25.758333333333336,43.666666666666664,1012.2375000000001,10.475,0.0,34.1,33.0,32.2,33.56666666666666,33.31428571428571,38.888888888888886,1012.7291666666666,6,3,33.1
2022-03-07,33.1,18.9,0.0,25.90416666666667,45.375,1012.5333333333333,9.345833333333333,0.0,33.1,33.5,32.8,33.43333333333333,33.357142857142854,42.0,1012.4138888888889,0,3,33.7
2022-03-08,33.7,20.4,0.0,26.8,39.708333333333336,1012.0,6.120833333333334,0.0,33.1,34.1,33.4,33.300000000000004,33.4,42.916666666666664,1012.2569444444445,1,3,34.5
2022-03-09,34.5,20.7,0.0,27.625,34.291666666666664,1011.2458333333334,6.7625,0.0,33.7,33.1,33.3,33.76666666666667,33.57142857142857,39.791666666666664,1011.9263888888889,2,3,33.8
2022-03-10,33.8,20.3,0.0,27.254166666666666,35.208333333333336,1011.1708333333332,5.716666666666666,0.0,34.5,33.1,33.0,34.0,33.68571428571429,36.40277777777778,1011.4722222222222,3,3,34.2
2022-03-11,34.2,21.6,0.0,27.766666666666666,38.458333333333336,1010.9416666666666,6.658333333333334,0.0,33.8,33.7,33.5,34.166666666666664,33.785714285714285,35.98611111111111,1011.1194444444444,4,3,33.8
2022-03-12,33.8,22.4,0.0,27.733333333333334,40.083333333333336,1010.8791666666666,6.841666666666666,0.0,34.2,34.5,34.1,33.93333333333333,33.74285714285714,37.916666666666664,1010.9972222222221,5,3,34.8
2022-03-13,34.8,20.7,0.0,27.770833333333332,36.541666666666664,1010.9416666666666,9.15,0.0,33.8,33.8,33.1,34.266666666666666,33.98571428571429,38.36111111111111,1010.9208333333332,6,3,35.3
2022-03-14,35.3,20.4,0.0,27.266666666666666,27.75,1011.1333333333333,9.0875,0.0,34.8,34.2,33.1,34.63333333333333,34.300000000000004,34.791666666666664,1010.9847222222221,0,3,36.3
2022-03-15,36.3,17.9,0.0,27.858333333333334,25.625,1009.2541666666666,8.404166666666667,0.0,35.3,33.8,33.7,35.46666666666666,34.67142857142857,29.972222222222218,1010.4430555555555,1,3,37.3
2022-03-16,37.3,19.8,0.0,28.545833333333334,29.083333333333332,1007.6666666666666,8.745833333333334,0.0,36.3,34.8,34.5,36.3,35.07142857142857,27.48611111111111,1009.3513888888889,2,3,38.4
2022-03-17,38.4,20.9,0.0,29.079166666666666,27.083333333333332,1006.725,9.266666666666667,0.0,37.3,35.3,33.8,37.333333333333336,35.72857142857142,27.263888888888886,1007.8819444444445,3,3,37.9
2022-03-18,37.9,22.7,0.0,29.791666666666668,27.083333333333332,1006.2291666666666,8.004166666666666,0.0,38.4,36.3,34.2,37.86666666666667,36.25714285714285,27.75,1006.8736111111111,4,3,35.4
2022-03-19,35.4,21.5,0.0,29.129166666666666,39.916666666666664,1006.3583333333332,9.025,0.0,37.9,37.3,33.8,37.23333333333333,36.48571428571429,31.36111111111111,1006.4375,5,3,34.6
2022-03-20,34.6,20.3,1.6,28.295833333333334,46.708333333333336,1006.5375,10.083333333333334,1.6,35.4,38.4,34.8,35.96666666666666,36.457142857142856,37.90277777777778,1006.375,6,3,36.5
2022-03-21,36.5,23.6,0.0,29.945833333333336,40.541666666666664,1007.0375,9.516666666666667,0.0,34.6,37.9,35.3,35.5,36.628571428571426,42.388888888888886,1006.6444444444445,0,3,36.1
2022-03-22,36.1,23.0,0.0,29.3125,42.583333333333336,1007.7833333333333,7.754166666666666,0.0,36.5,35.4,36.3,35.73333333333333,36.6,43.27777777777778,1007.1194444444445,1,3,36.9
2022-03-23,36.9,22.7,0.0,29.599999999999998,35.75,1007.2708333333334,7.441666666666666,0.0,36.1,34.6,37.3,36.5,36.54285714285714,39.625,1007.3638888888889,2,3,35.8
2022-03-24,35.8,21.9,0.0,29.291666666666668,45.125,1007.75,9.762500000000001,0.0,36.9,36.5,38.4,36.266666666666666,36.17142857142857,41.15277777777778,1007.6013888888889,3,3,36.9
2022-03-25,36.9,21.9,0.0,29.495833333333334,48.333333333333336,1008.6416666666668,8.3125,0.0,35.8,36.1,37.9,36.53333333333333,36.028571428571425,43.069444444444436,1007.8875000000002,4,3,36.9
2022-03-26,36.9,22.9,0.0,29.895833333333332,50.041666666666664,1010.5333333333333,7.454166666666667,0.0,36.9,36.9,35.4,36.53333333333333,36.24285714285714,47.833333333333336,1008.975,5,3,37.8
2022-03-27,37.8,22.7,0.0,30.28333333333333,45.041666666666664,1010.5583333333334,7.270833333333333,0.0,36.9,35.8,34.6,37.199999999999996,36.699999999999996,47.80555555555555,1009.9111111111112,6,3,38.3
2022-03-28,38.3,23.6,0.0,30.370833333333334,41.833333333333336,1009.6958333333333,6.716666666666666,0.0,37.8,36.9,36.5,37.666666666666664,36.957142857142856,45.638888888888886,1010.2624999999999,0,3,38.4
2022-03-29,38.4,23.4,0.0,30.412499999999998,34.083333333333336,1008.2375000000001,8.320833333333333,0.0,38.3,36.9,36.1,38.166666666666664,37.285714285714285,40.31944444444445,1009.4972222222223,1,3,38.4
2022-03-30,38.4,22.6,0.0,30.495833333333334,33.541666666666664,1007.9,7.5,0.0,38.4,37.8,36.9,38.36666666666667,37.5,36.486111111111114,1008.611111111111,2,3,38.7
2022-03-31,38.7,22.7,0.0,30.712500000000002,35.458333333333336,1008.1458333333334,7.404166666666666,0.0,38.4,38.3,35.8,38.5,37.91428571428571,34.36111111111111,1008.0944444444444,3,3,38.0
2022-04-01,38.0,22.9,0.0,30.412499999999998,44.958333333333336,1008.7083333333334,7.808333333333334,0.0,38.7,38.4,36.9,38.36666666666667,38.07142857142857,37.986111111111114,1008.2513888888889,4,4,37.1
2022-04-02,37.1,23.4,0.0,30.404166666666665,50.625,1009.8791666666666,8.716666666666667,0.0,38.0,38.4,36.9,37.93333333333334,38.1,43.680555555555564,1008.9111111111112,5,4,37.7
2022-04-03,37.7,22.9,0.0,30.504166666666666,49.166666666666664,1009.5708333333333,7.991666666666667,0.0,37.1,38.7,37.8,37.6,38.08571428571428,48.25,1009.3861111111111,6,4,37.1
2022-04-04,37.1,24.5,0.0,30.96666666666667,42.75,1010.0375,7.808333333333334,0.0,37.7,38.0,38.3,37.300000000000004,37.91428571428571,47.513888888888886,1009.8291666666668,0,4,37.9
2022-04-05,37.9,23.9,0.0,30.633333333333336,44.416666666666664,1011.8249999999999,7.7375,0.0,37.1,37.1,38.4,37.56666666666667,37.84285714285714,45.444444444444436,1010.4777777777778,1,4,37.4
2022-04-06,37.4,23.0,0.0,30.52916666666667,43.458333333333336,1011.8833333333333,7.529166666666666,0.0,37.9,37.7,38.4,37.46666666666666,37.7,43.541666666666664,1011.2486111111111,2,4,37.1
2022-04-07,37.1,23.9,0.0,30.53333333333333,41.5,1011.0833333333334,8.454166666666667,0.0,37.4,37.1,38.7,37.46666666666667,37.471428571428575,43.125,1011.5972222222222,3,4,38.0
2022-04-08,38.0,23.9,0.0,30.88333333333333,39.5,1009.8000000000001,9.75,0.0,37.1,37.9,38.0,37.5,37.471428571428575,41.486111111111114,1010.9222222222223,4,4,37.4
2022-04-09,37.4,23.3,0.0,30.3625,43.583333333333336,1009.0500000000001,7.495833333333334,0.0,38.0,37.4,37.1,37.5,37.51428571428572,41.52777777777778,1009.9777777777778,5,4,37.4
2022-04-10,37.4,23.8,0.0,30.479166666666668,44.708333333333336,1008.4250000000001,8.137500000000001,0.0,37.4,37.1,37.7,37.6,37.471428571428575,42.59722222222222,1009.0916666666667,6,4,38.1
2022-04-11,38.1,24.2,0.0,30.495833333333334,43.291666666666664,1007.9125,8.158333333333333,0.0,37.4,38.0,37.1,37.63333333333333,37.614285714285714,43.861111111111114,1008.4625000000001,0,4,38.9
2022-04-12,38.9,23.5,0.0,31.1125,39.25,1006.8583333333332,9.341666666666667,0.0,38.1,37.4,37.9,38.13333333333333,37.75714285714286,42.416666666666664,1007.7319444444444,1,4,38.1
2022-04-13,38.1,23.6,0.0,30.724999999999998,38.041666666666664,1006.7333333333332,10.35,0.0,38.9,37.4,37.4,38.36666666666667,37.857142857142854,40.19444444444444,1007.1680555555555,2,4,38.8
2022-04-14,38.8,23.7,0.0,31.270833333333332,42.833333333333336,1006.5458333333332,6.845833333333334,0.0,38.1,38.1,37.1,38.6,38.1,40.041666666666664,1006.7125,3,4,38.0
2022-04-15,38.0,25.2,2.7,30.52916666666667,46.458333333333336,1006.6208333333334,8.108333333333333,2.7,38.8,38.9,38.0,38.300000000000004,38.1,42.44444444444444,1006.6333333333332,4,4,37.6
2022-04-16,37.6,26.3,0.0,31.17916666666667,39.375,1005.8083333333334,7.075,0.0,38.0,38.1,37.4,38.13333333333333,38.12857142857143,42.88888888888889,1006.3250000000002,5,4,37.6
2022-04-17,37.6,25.4,0.0,30.366666666666664,43.291666666666664,1006.9083333333333,9.383333333333333,0.0,37.6,38.8,37.4,37.733333333333334,38.15714285714286,43.041666666666664,1006.4458333333333,6,4,37.9
2022-04-18,37.9,24.8,0.0,31.125,40.625,1008.5875,6.758333333333333,0.0,37.6,38.0,38.1,37.699999999999996,38.128571428571426,41.09722222222222,1007.1013888888889,0,4,38.8
2022-04-19,38.8,24.7,0.0,31.5125,36.291666666666664,1009.3625000000001,8.233333333333333,0.0,37.9,37.6,38.9,38.1,38.114285714285714,40.06944444444444,1008.2861111111112,1,4,39.6
2022-04-20,39.6,24.9,0.0,32.0,34.416666666666664,1007.4125,7.958333333333333,0.0,38.8,37.6,38.1,38.766666666666666,38.32857142857142,37.11111111111111,1008.4541666666668,2,4,36.6
2022-04-21,36.6,24.4,0.6,30.858333333333334,46.0,1007.1541666666667,6.158333333333334,0.6,39.6,37.9,38.8,38.333333333333336,38.01428571428572,38.90277777777777,1007.9763888888889,3,4,37.0
2022-04-22,37.0,24.8,0.1,29.1875,58.0,1009.1458333333334,5.879166666666666,0.1,36.6,38.8,38.0,37.73333333333333,37.871428571428574,46.138888888888886,1007.9041666666667,4,4,35.6
2022-04-23,35.6,24.4,0.0,29.391666666666666,54.583333333333336,1009.5416666666666,5.529166666666666,0.0,37.0,39.6,37.6,36.4,37.58571428571429,52.861111111111114,1008.6138888888889,5,4,35.3
2022-04-24,35.3,24.3,0.1,30.066666666666666,44.458333333333336,1008.4958333333334,9.491666666666667,0.1,35.6,36.6,37.6,35.96666666666666,37.25714285714285,52.34722222222223,1009.0611111111111,6,4,38.1
2022-04-25,38.1,25.5,0.0,31.295833333333334,41.0,1006.9083333333333,6.366666666666667,0.0,35.3,37.0,37.9,36.333333333333336,37.285714285714285,46.680555555555564,1008.3152777777777,0,4,37.0
2022-04-26,37.0,24.5,0.0,30.71666666666667,43.583333333333336,1007.5416666666666,7.179166666666667,0.0,38.1,35.6,38.8,36.800000000000004,37.028571428571425,43.01388888888889,1007.6486111111111,1,4,37.5
2022-04-27,37.5,25.3,0.0,31.295833333333334,41.416666666666664,1007.2041666666668,7.254166666666666,0.0,37.0,35.3,39.6,37.53333333333333,36.728571428571435,42.0,1007.2180555555556,2,4,38.5
2022-04-28,38.5,24.6,0.0,31.65416666666667,38.75,1007.6666666666666,6.916666666666667,0.0,37.5,38.1,36.6,37.666666666666664,37.0,41.25,1007.4708333333334,3,4,39.2
2022-04-29,39.2,24.5,0.0,31.625,38.416666666666664,1007.4958333333334,8.966666666666667,0.0,38.5,37.0,37.0,38.400000000000006,37.31428571428571,39.52777777777778,1007.4555555555556,4,4,39.3
2022-04-30,39.3,25.2,0.0,32.041666666666664,37.083333333333336,1005.6208333333334,9.154166666666667,0.0,39.2,37.5,35.6,39.0,37.84285714285714,38.083333333333336,1006.9277777777778,5,4,38.6
2022-05-01,38.6,26.2,0.0,32.050000000000004,32.041666666666664,1004.0,7.916666666666667,0.0,39.3,38.5,35.3,39.03333333333334,38.31428571428571,35.84722222222222,1005.7055555555556,6,5,38.7
2022-05-02,38.7,25.5,0.0,32.13333333333333,31.375,1004.3208333333333,11.795833333333334,0.0,38.6,39.2,38.1,38.86666666666667,38.4,33.5,1004.6472222222222,0,5,38.3
2022-05-03,38.3,26.2,0.0,32.12916666666667,38.375,1005.2916666666666,6.05,0.0,38.7,39.3,37.0,38.53333333333334,38.58571428571429,33.93055555555555,1004.5375,1,5,36.7
2022-05-04,36.7,25.9,1.9,30.2,59.708333333333336,1007.9333333333334,7.033333333333334,1.9000000000000001,38.3,38.6,37.5,37.9,38.471428571428575,43.15277777777778,1005.8486111111112,2,5,37.1
2022-05-05,37.1,25.4,0.0,31.116666666666664,47.625,1006.9250000000001,7.529166666666666,0.0,36.7,38.7,38.5,37.36666666666667,38.27142857142858,48.56944444444445,1006.7166666666667,3,5,38.7
2022-05-06,38.7,26.6,0.0,32.09166666666667,37.166666666666664,1005.6999999999999,10.3125,0.0,37.1,38.3,39.2,37.5,38.199999999999996,48.166666666666664,1006.8527777777778,4,5,37.8
2022-05-07,37.8,24.5,0.0,31.65416666666667,42.666666666666664,1005.4333333333334,8.8375,0.0,38.7,36.7,39.3,37.86666666666667,37.98571428571429,42.48611111111111,1006.0194444444445,5,5,37.1
2022-05-08,37.1,26.9,0.0,31.445833333333336,41.083333333333336,1004.1791666666667,7.104166666666667,0.0,37.8,37.1,38.6,37.86666666666667,37.771428571428565,40.30555555555555,1005.1041666666666,6,5,39.0
2022-05-09,39.0,25.2,0.0,31.758333333333336,38.583333333333336,1001.775,9.945833333333333,0.0,37.1,38.7,38.7,37.96666666666667,37.81428571428571,40.77777777777778,1003.7958333333332,0,5,36.9
2022-05-10,36.9,23.5,0.0,30.90833333333333,41.666666666666664,1000.3083333333334,10.708333333333334,0.0,39.0,37.8,38.3,37.666666666666664,37.614285714285714,40.44444444444445,1002.0875,1,5,29.4
2022-05-11,29.4,24.3,6.4,27.287499999999998,68.45833333333333,1001.7541666666666,6.6375,6.4,36.9,37.1,36.7,35.1,36.57142857142857,49.569444444444436,1001.2791666666666,2,5,33.0
2022-05-12,33.0,25.5,0.2,28.545833333333334,67.95833333333333,1003.0583333333334,7.820833333333333,0.2,29.4,39.0,37.1,33.1,35.98571428571429,59.36111111111111,1001.7069444444445,3,5,36.7
2022-05-13,36.7,23.6,0.6,29.758333333333336,64.41666666666667,1003.0541666666667,7.1499999999999995,0.6,33.0,36.9,38.7,33.03333333333333,35.699999999999996,66.94444444444444,1002.6222222222223,4,5,38.0
2022-05-14,38.0,26.1,0.1,31.40833333333333,56.166666666666664,1003.2375000000001,9.183333333333334,0.1,36.7,29.4,37.8,35.9,35.728571428571435,62.84722222222222,1003.1166666666668,5,5,37.2
2022-05-15,37.2,25.4,0.1,31.391666666666666,55.833333333333336,1004.4,7.079166666666667,0.1,38.0,33.0,37.1,37.300000000000004,35.74285714285714,58.80555555555555,1003.5638888888889,6,5,36.1
2022-05-16,36.1,25.7,0.0,30.866666666666664,61.041666666666664,1004.6999999999999,7.716666666666666,0.0,37.2,36.7,39.0,37.1,35.32857142857143,57.68055555555555,1004.1124999999998,0,5,35.2
2022-05-17,35.2,22.8,1.2,29.304166666666664,65.75,1004.1,6.5625,1.2,36.1,38.0,36.9,36.16666666666667,35.08571428571429,60.875,1004.4,1,5,34.9
2022-05-18,34.9,25.4,0.5,28.941666666666666,67.58333333333333,1004.7666666666668,7.866666666666667,0.5,35.2,37.2,29.4,35.400000000000006,35.871428571428574,64.79166666666667,1004.5222222222222,2,5,32.4
2022-05-19,32.4,24.3,2.9,27.583333333333332,73.25,1005.4,10.35,2.9000000000000004,34.9,36.1,33.0,34.166666666666664,35.785714285714285,68.8611111111111,1004.7555555555556,3,5,33.6
2022-05-20,33.6,24.2,3.6,27.8125,71.95833333333333,1005.225,8.3125,3.6,32.4,35.2,36.7,33.63333333333333,35.34285714285715,70.93055555555556,1005.1305555555556,4,5,35.1
2022-05-21,35.1,23.6,0.0,28.291666666666668,61.625,1004.0375,17.491666666666667,0.0,33.6,34.9,38.0,33.699999999999996,34.92857142857143,68.94444444444444,1004.8874999999999,5,5,34.9
2022-05-22,34.9,24.0,0.0,29.0625,54.75,1002.4541666666668,21.6375,0.0,35.1,32.4,37.2,34.53333333333333,34.6,62.77777777777777,1003.9055555555556,6,5,35.4
2022-05-23,35.4,24.5,0.0,29.77916666666667,52.416666666666664,1002.6458333333334,19.01666666666667,0.0,34.9,33.6,36.1,35.13333333333333,34.5,56.263888888888886,1003.0458333333335,0,5,36.7
2022-05-24,36.7,25.7,0.0,30.84166666666667,48.916666666666664,1004.7833333333333,15.1,0.0,35.4,35.1,35.2,35.666666666666664,34.714285714285715,52.02777777777777,1003.2944444444446,1,5,35.9
2022-05-25,35.9,25.6,0.0,30.825,46.958333333333336,1006.8375,10.333333333333334,0.0,36.7,34.9,34.9,36.0,34.857142857142854,49.43055555555555,1004.7555555555555,2,5,36.7
2022-05-26,36.7,26.2,0.3,30.40416666666667,48.916666666666664,1006.6208333333334,12.137500000000001,0.3,35.9,35.4,32.4,36.43333333333334,35.471428571428575,48.26388888888889,1006.0805555555556,3,5,36.1
2022-05-27,36.1,25.3,0.1,30.3625,45.625,1005.9791666666666,12.887500000000001,0.1,36.7,36.7,33.6,36.233333333333334,35.82857142857143,47.166666666666664,1006.4791666666666,4,5,36.7
2022-05-28,36.7,25.5,0.0,30.733333333333334,41.958333333333336,1004.8208333333333,15.183333333333332,0.0,36.1,35.9,35.1,36.50000000000001,36.05714285714286,45.5,1005.8069444444445,5,5,37.2
2022-05-29,37.2,26.3,0.0,31.3875,40.083333333333336,1004.5749999999999,15.3125,0.0,36.7,36.7,34.9,36.66666666666667,36.385714285714286,42.55555555555556,1005.125,6,5,37.2
2022-05-30,37.2,26.7,0.0,31.733333333333334,41.458333333333336,1004.1458333333334,12.225,0.0,37.2,36.1,35.4,37.03333333333334,36.642857142857146,41.166666666666664,1004.513888888889,0,5,36.3
2022-05-31,36.3,24.6,1.1,29.025000000000002,57.958333333333336,1004.1125000000001,11.841666666666667,1.1,37.2,36.7,36.7,36.9,36.58571428571429,46.5,1004.2777777777778,1,5,35.6
2022-06-01,35.6,23.0,8.2,29.316666666666666,59.416666666666664,1004.1166666666667,12.7125,8.2,36.3,37.2,35.9,36.36666666666667,36.542857142857144,52.94444444444445,1004.125,2,6,37.8
2022-06-02,37.8,25.6,0.0,30.995833333333334,50.958333333333336,1003.5666666666666,11.966666666666667,0.0,35.6,37.2,36.7,36.56666666666666,36.699999999999996,56.11111111111111,1003.9319444444445,3,6,37.9
2022-06-03,37.9,25.0,0.0,31.370833333333334,48.75,1003.3083333333334,13.416666666666666,0.0,37.8,36.3,36.1,37.1,36.957142857142856,53.041666666666664,1003.6638888888889,4,6,38.6
2022-06-04,38.6,27.3,0.0,32.295833333333334,40.833333333333336,1003.2708333333334,13.100000000000001,0.0,37.9,35.6,36.7,38.099999999999994,37.228571428571435,46.84722222222223,1003.3819444444445,5,6,38.3
2022-06-05,38.3,26.5,0.0,31.7,43.0,1002.9625,8.708333333333334,0.0,38.6,37.8,37.2,38.26666666666667,37.385714285714286,44.19444444444445,1003.1805555555557,6,6,37.7
2022-06-06,37.7,26.5,0.8,30.945833333333336,49.083333333333336,1004.3125,14.195833333333333,0.8,38.3,37.9,37.2,38.199999999999996,37.457142857142856,44.305555555555564,1003.5152777777779,0,6,38.1
2022-06-07,38.1,24.7,0.4,30.587500000000002,52.75,1003.8249999999999,17.4125,0.4,37.7,38.6,36.3,38.03333333333334,37.714285714285715,48.27777777777777,1003.6999999999999,1,6,33.8
2022-06-08,33.8,26.4,0.0,29.775000000000002,54.583333333333336,1003.9791666666666,15.758333333333333,0.0,38.1,38.3,35.6,36.53333333333334,37.457142857142856,52.138888888888886,1004.0388888888889,2,6,35.9
2022-06-09,35.9,24.8,0.5,30.25,54.166666666666664,1003.9083333333333,13.479166666666666,0.5,33.8,37.7,37.8,35.93333333333334,37.18571428571429,53.833333333333336,1003.9041666666666,3,6,35.7
2022-06-10,35.7,25.9,0.0,30.40833333333333,53.291666666666664,1004.6708333333332,14.541666666666666,0.0,35.9,38.1,37.9,35.13333333333333,36.871428571428574,54.013888888888886,1004.1861111111111,4,6,34.1
2022-06-11,34.1,25.0,0.0,29.400000000000002,57.666666666666664,1005.6374999999999,15.866666666666667,0.0,35.7,33.8,38.6,35.233333333333334,36.22857142857143,55.041666666666664,1004.7388888888887,5,6,33.9
2022-06-12,33.9,24.5,0.4,29.266666666666666,58.875,1005.8125,11.891666666666666,0.4,34.1,35.9,38.3,34.56666666666667,35.6,56.61111111111111,1005.3736111111111,6,6,33.6
2022-06-13,33.6,25.3,0.5,29.520833333333332,55.75,1006.9375,11.1,0.5,33.9,35.7,37.7,33.86666666666667,35.01428571428571,57.430555555555564,1006.1291666666666,0,6,33.7
2022-06-14,33.7,23.6,0.7,28.691666666666666,61.625,1006.6541666666667,12.370833333333332,0.7,33.6,34.1,38.1,33.733333333333334,34.385714285714286,58.75,1006.4680555555556,1,6,32.5
2022-06-15,32.5,22.7,11.5,26.854166666666668,75.29166666666667,1006.4041666666667,9.583333333333334,11.5,33.7,33.9,33.8,33.26666666666667,34.2,64.22222222222223,1006.6652777777778,2,6,33.0
2022-06-16,33.0,23.6,7.8,27.054166666666664,75.33333333333333,1006.3833333333333,7.508333333333333,7.8,32.5,33.6,35.9,33.06666666666667,33.785714285714285,70.75,1006.4805555555555,3,6,33.0
2022-06-17,33.0,23.0,1.0,27.820833333333336,68.95833333333333,1005.9958333333334,7.304166666666667,1.0,33.0,33.7,35.7,32.833333333333336,33.4,73.19444444444444,1006.2611111111111,4,6,33.1
2022-06-18,33.1,23.1,3.8,27.758333333333336,69.875,1006.2916666666666,6.791666666666667,3.8000000000000003,33.0,32.5,34.1,33.03333333333333,33.25714285714286,71.38888888888887,1006.2236111111112,5,6,31.7
2022-06-19,31.7,23.5,1.6,27.287499999999998,72.16666666666667,1006.3708333333334,8.616666666666667,1.6,33.1,33.0,33.9,32.6,32.94285714285714,70.33333333333333,1006.2194444444445,6,6,31.8
2022-06-20,31.8,23.9,1.8,27.316666666666666,69.375,1004.8458333333333,14.512500000000001,1.8,31.7,33.0,33.6,32.199999999999996,32.68571428571429,70.47222222222223,1005.8361111111111,0,6,32.0
2022-06-21,32.0,22.9,10.7,26.412499999999998,74.70833333333333,1003.6,14.158333333333333,10.7,31.8,33.1,33.7,31.833333333333332,32.44285714285714,72.08333333333333,1004.9388888888889,1,6,31.2
2022-06-22,31.2,23.3,0.3,26.71666666666667,71.79166666666667,1005.0166666666668,11.3125,0.3,32.0,31.7,32.5,31.666666666666668,32.25714285714285,71.95833333333333,1004.4875000000001,2,6,31.8
2022-06-23,31.8,23.5,0.2,27.866666666666664,66.16666666666667,1005.7624999999999,10.595833333333333,0.2,31.2,31.8,33.0,31.666666666666668,32.08571428571428,70.8888888888889,1004.7930555555555,3,6,32.0
2022-06-24,32.0,24.6,0.1,27.791666666666668,64.16666666666667,1004.8416666666667,12.783333333333333,0.1,31.8,32.0,33.0,31.666666666666668,31.942857142857143,67.37500000000001,1005.2069444444445,4,6,30.5
2022-06-25,30.5,24.4,6.5,26.429166666666664,70.29166666666667,1002.9333333333334,15.137500000000001,6.5,32.0,31.2,33.1,31.433333333333334,31.571428571428573,66.875,1004.5124999999999,5,6,27.8
2022-06-26,27.8,22.9,23.6,24.849999999999998,81.75,1003.5833333333334,16.466666666666665,23.6,30.5,31.8,31.7,30.099999999999998,31.014285714285716,72.06944444444444,1003.7861111111112,6,6,28.1
2022-06-27,28.1,22.9,12.7,24.945833333333336,81.08333333333333,1005.5083333333333,14.966666666666667,12.7,27.8,32.0,31.8,28.8,30.485714285714288,77.70833333333333,1004.0083333333333,0,6,29.2
2022-06-28,29.2,22.8,7.9,25.704166666666666,76.33333333333333,1005.2166666666667,16.629166666666666,7.9,28.1,30.5,32.0,28.366666666666664,30.085714285714285,79.72222222222221,1004.7694444444445,1,6,31.3
2022-06-29,31.3,23.5,1.1,26.925,72.0,1003.5916666666667,14.537500000000001,1.0999999999999999,29.2,27.8,31.2,29.533333333333335,30.1,76.47222222222221,1004.7722222222222,2,6,30.3
2022-06-30,30.3,23.1,2.6,26.458333333333332,76.25,1003.1958333333333,13.495833333333332,2.6,31.3,28.1,31.8,30.266666666666666,29.885714285714283,74.8611111111111,1004.0013888888889,3,6,31.5
2022-07-01,31.5,23.3,0.6,26.53333333333333,75.70833333333333,1003.775,16.6125,0.6000000000000001,30.3,29.2,32.0,31.03333333333333,29.814285714285713,74.65277777777779,1003.5208333333334,4,7,31.4
2022-07-02,31.4,23.2,2.9,26.7375,73.25,1002.7166666666667,15.637500000000001,2.9,31.5,31.3,30.5,31.066666666666666,29.942857142857143,75.06944444444444,1003.2291666666666,5,7,30.8
2022-07-03,30.8,23.6,3.6,26.775000000000002,72.45833333333333,1002.7125,15.799999999999999,3.6,31.4,30.3,27.8,31.233333333333334,30.37142857142857,73.80555555555554,1003.0680555555555,6,7,29.4
2022-07-04,29.4,22.9,6.1,25.458333333333332,79.41666666666667,1002.775,18.866666666666667,6.1,30.8,31.5,28.1,30.53333333333333,30.557142857142857,75.04166666666667,1002.7347222222221,0,7,27.1
2022-07-05,27.1,22.9,10.0,24.55,84.95833333333333,1001.7583333333333,18.108333333333334,10.0,29.4,31.4,29.2,29.099999999999998,30.25714285714286,78.94444444444444,1002.4152777777778,1,7,26.1
2022-07-06,26.1,22.4,20.3,23.704166666666666,90.16666666666667,1003.6041666666666,16.754166666666666,20.3,27.1,30.8,31.3,27.533333333333335,29.514285714285712,84.84722222222223,1002.7125,2,7,28.9
2022-07-07,28.9,22.8,21.0,24.71666666666667,84.16666666666667,1005.275,18.545833333333334,21.0,26.1,29.4,30.3,27.366666666666664,29.314285714285717,86.43055555555556,1003.5458333333332,3,7,24.1
2022-07-08,24.1,22.5,27.4,23.09166666666667,91.41666666666667,1004.2083333333334,19.616666666666667,27.4,28.9,27.1,31.5,26.36666666666667,28.257142857142856,88.58333333333333,1004.3625000000001,4,7,23.5
2022-07-09,23.5,22.2,55.8,22.6875,92.125,1001.7166666666667,23.641666666666666,55.8,24.1,26.1,31.4,25.5,27.12857142857143,89.23611111111113,1003.7333333333335,5,7,23.2
2022-07-10,23.2,21.9,39.9,22.53333333333333,91.33333333333333,1002.0625,27.175,39.9,23.5,28.9,30.8,23.600000000000005,26.042857142857144,91.625,1002.6625,6,7,26.4
2022-07-11,26.4,21.9,10.5,23.566666666666666,84.5,1003.2916666666666,29.329166666666666,10.5,23.2,24.1,29.4,24.366666666666664,25.61428571428571,89.31944444444444,1002.3569444444444,0,7,23.1
2022-07-12,23.1,21.6,36.3,22.354166666666668,90.91666666666667,1002.7375000000001,30.15416666666667,36.3,26.4,23.5,27.1,24.23333333333333,25.042857142857144,88.91666666666667,1002.6972222222222,1,7,24.0
2022-07-13,24.0,21.7,21.3,22.495833333333334,89.54166666666667,1000.0958333333333,31.05,21.3,23.1,23.2,26.1,24.5,24.74285714285714,88.31944444444446,1002.0416666666666,2,7,26.5
2022-07-14,26.5,21.9,2.0,23.8,81.20833333333333,999.4250000000001,29.866666666666664,2.0,24.0,26.4,28.9,24.53333333333333,24.400000000000002,87.22222222222223,1000.7527777777777,3,7,27.9
2022-07-15,27.9,22.5,0.7,25.0625,76.5,1001.7166666666667,24.895833333333332,0.7000000000000001,26.5,23.1,24.1,26.133333333333336,24.942857142857143,82.41666666666667,1000.4125,4,7,29.9
2022-07-16,29.9,22.7,3.3,25.675,76.75,1003.4458333333333,18.916666666666668,3.3000000000000003,27.9,24.0,23.5,28.099999999999998,25.857142857142858,78.15277777777777,1001.5291666666667,5,7,26.3
2022-07-17,26.3,22.8,13.6,24.258333333333336,87.41666666666667,1004.2166666666667,17.433333333333334,13.6,29.9,26.5,23.2,28.03333333333333,26.300000000000004,80.22222222222223,1003.1263888888889,6,7,28.7
2022-07-18,28.7,22.8,8.8,24.375,86.70833333333333,1004.7791666666667,19.108333333333334,8.8,26.3,27.9,26.4,28.3,26.62857142857143,83.625,1004.1472222222222,0,7,29.9
2022-07-19,29.9,22.2,1.3,25.52916666666667,77.16666666666667,1005.9791666666666,16.095833333333335,1.3,28.7,29.9,23.1,28.3,27.6,83.7638888888889,1004.9916666666668,1,7,30.6
2022-07-20,30.6,22.9,0.2,26.337500000000002,75.25,1006.1583333333333,12.700000000000001,0.2,29.9,26.3,24.0,29.733333333333334,28.54285714285714,79.70833333333333,1005.638888888889,2,7,29.1
2022-07-21,29.1,23.0,0.4,25.662499999999998,77.91666666666667,1006.475,13.991666666666667,0.4,30.6,28.7,26.5,29.866666666666664,28.914285714285715,76.77777777777779,1006.2041666666668,3,7,28.3
2022-07-22,28.3,23.1,22.8,24.337500000000002,86.66666666666667,1006.6583333333333,13.433333333333332,22.8,29.1,29.9,27.9,29.333333333333332,28.97142857142857,79.94444444444446,1006.4305555555555,4,7,26.5
2022-07-23,26.5,22.3,16.2,23.620833333333334,89.75,1005.5124999999999,15.75,16.2,28.3,30.6,29.9,27.96666666666667,28.485714285714288,84.77777777777779,1006.2152777777777,5,7,26.6
2022-07-24,26.6,22.1,2.0,23.78333333333333,85.75,1005.8208333333333,16.295833333333334,2.0,26.5,29.1,26.3,27.133333333333336,28.52857142857143,87.3888888888889,1005.9972222222223,6,7,28.0
2022-07-25,28.0,22.1,13.1,24.083333333333332,85.95833333333333,1007.2708333333334,10.995833333333332,13.1,26.6,28.3,28.7,27.033333333333335,28.428571428571427,87.15277777777777,1006.201388888889,0,7,28.0
2022-07-26,28.0,22.0,3.0,24.195833333333336,85.625,1008.5916666666667,11.241666666666667,3.0,28.0,26.5,29.9,27.533333333333335,28.157142857142855,85.77777777777777,1007.2277777777778,1,7,29.8
2022-07-27,29.8,21.5,2.3,25.104166666666668,82.95833333333333,1008.3166666666666,5.058333333333334,2.3,28.0,26.6,30.6,28.599999999999998,28.042857142857144,84.84722222222221,1008.0597222222223,2,7,29.9
2022-07-28,29.9,21.8,1.6,25.275000000000002,84.625,1009.2624999999999,3.6833333333333336,1.6,29.8,28.0,29.1,29.23333333333333,28.157142857142862,84.40277777777777,1008.723611111111,3,7,30.3
2022-07-29,30.3,21.9,2.3,25.65833333333333,83.54166666666667,1008.6458333333334,4.916666666666667,2.3,29.9,28.0,28.3,30.0,28.442857142857143,83.70833333333333,1008.7416666666667,4,7,29.7
2022-07-30,29.7,22.6,3.8,25.920833333333334,82.70833333333333,1007.2833333333333,3.6,3.8,30.3,29.8,26.5,29.96666666666667,28.900000000000002,83.625,1008.3972222222222,5,7,29.6
2022-07-31,29.6,22.9,0.5,26.129166666666666,83.875,1005.3874999999999,4.908333333333333,0.5,29.7,29.9,26.6,29.866666666666664,29.32857142857143,83.375,1007.1055555555555,6,7,29.6
2022-08-01,29.6,22.8,5.0,25.579166666666666,83.66666666666667,1005.4,6.591666666666666,5.0,29.6,30.3,28.0,29.633333333333336,29.557142857142857,83.41666666666667,1006.0236111111111,0,8,30.2
2022-08-02,30.2,22.6,6.2,25.770833333333332,83.91666666666667,1004.2875,6.441666666666666,6.2,29.6,29.7,28.0,29.8,29.87142857142857,83.81944444444446,1005.025,1,8,29.9
2022-08-03,29.9,23.0,3.4,25.454166666666666,84.16666666666667,1003.5958333333333,5.666666666666667,3.4000000000000004,30.2,29.6,29.8,29.900000000000002,29.885714285714283,83.91666666666667,1004.4277777777778,2,8,30.1
2022-08-04,30.1,22.6,7.3,25.27916666666667,85.54166666666667,1003.5458333333332,6.033333333333334,7.3,29.9,29.6,29.9,30.066666666666666,29.914285714285715,84.54166666666667,1003.8097222222223,3,8,29.0
2022-08-05,29.0,22.4,6.4,24.741666666666664,85.29166666666667,1002.9708333333333,11.020833333333334,6.3999999999999995,30.1,30.2,30.3,29.666666666666668,29.728571428571428,85.0,1003.3708333333334,4,8,29.5
2022-08-06,29.5,22.8,20.2,24.97083333333333,82.95833333333333,1001.8708333333334,18.054166666666667,20.2,29.0,29.9,29.7,29.533333333333335,29.699999999999996,84.59722222222223,1002.7958333333332,5,8,28.3
2022-08-07,28.3,22.6,12.7,24.304166666666664,85.75,1000.8583333333332,19.349999999999998,12.700000000000001,29.5,30.1,29.6,28.933333333333334,29.514285714285712,84.66666666666667,1001.9,6,8,24.6
2022-08-08,24.6,22.1,22.7,22.97083333333333,91.54166666666667,999.875,23.55,22.7,28.3,29.0,29.6,27.46666666666667,28.8,86.75,1000.8680555555555,0,8,25.0
2022-08-09,25.0,22.2,6.2,23.625,84.70833333333333,999.9375,26.46666666666667,6.2,24.6,29.5,30.2,25.96666666666667,28.057142857142857,87.33333333333333,1000.223611111111,1,8,28.6
2022-08-10,28.6,22.0,0.3,25.083333333333332,73.95833333333333,999.7833333333333,27.77916666666667,0.30000000000000004,25.0,28.3,29.9,26.066666666666666,27.871428571428574,83.40277777777779,999.8652777777778,2,8,28.8
2022-08-11,28.8,23.2,0.9,25.429166666666664,73.95833333333333,1002.1750000000001,21.8125,0.9,28.6,24.6,30.1,27.46666666666667,27.685714285714287,77.54166666666667,1000.6319444444445,3,8,29.3
2022-08-12,29.3,23.2,0.5,25.820833333333336,72.83333333333333,1004.5124999999999,21.59166666666667,0.5,28.8,25.0,29.0,28.900000000000002,27.72857142857143,73.58333333333333,1002.1569444444444,4,8,28.4
2022-08-13,28.4,22.7,0.2,25.204166666666666,76.29166666666667,1005.2291666666666,20.98333333333333,0.2,29.3,28.6,29.5,28.833333333333332,27.571428571428573,74.3611111111111,1003.9722222222223,5,8,25.9
2022-08-14,25.9,22.6,7.0,23.8125,84.25,1006.2083333333334,21.629166666666666,7.0,28.4,28.8,28.3,27.866666666666664,27.228571428571428,77.79166666666667,1005.3166666666666,6,8,27.1
2022-08-15,27.1,21.8,7.4,23.575,85.29166666666667,1006.9375,20.408333333333335,7.4,25.9,29.3,24.6,27.133333333333336,27.58571428571429,81.94444444444444,1006.125,0,8,29.4
2022-08-16,29.4,21.8,0.0,25.1375,77.41666666666667,1007.875,14.2875,0.0,27.1,28.4,25.0,27.46666666666667,28.214285714285715,82.31944444444446,1007.0069444444445,1,8,29.9
2022-08-17,29.9,22.2,0.0,25.775000000000002,74.91666666666667,1008.125,11.708333333333334,0.0,29.4,25.9,28.6,28.8,28.4,79.20833333333334,1007.6458333333334,2,8,30.5
2022-08-18,30.5,22.8,0.1,26.116666666666664,74.83333333333333,1007.2291666666666,14.766666666666666,0.1,29.9,27.1,28.8,29.933333333333334,28.642857142857142,75.72222222222223,1007.7430555555555,3,8,29.6
2022-08-19,29.6,23.4,0.1,26.041666666666668,74.0,1006.8416666666667,17.0125,0.1,30.5,29.4,29.3,30.0,28.685714285714283,74.58333333333333,1007.3986111111111,4,8,29.2
2022-08-20,29.2,23.4,0.9,25.587500000000002,76.125,1006.1791666666667,18.916666666666668,0.9,29.6,29.9,28.4,29.766666666666666,28.8,74.9861111111111,1006.75,5,8,29.7
2022-08-21,29.7,23.2,0.5,26.025000000000002,73.45833333333333,1004.9791666666666,18.808333333333334,0.5,29.2,30.5,25.9,29.5,29.342857142857145,74.52777777777779,1006.0,6,8,29.6
2022-08-22,29.6,22.3,0.2,25.40416666666667,75.04166666666667,1004.625,18.462500000000002,0.2,29.7,29.6,27.1,29.5,29.7,74.875,1005.2611111111111,0,8,30.0
2022-08-23,30.0,22.3,0.3,25.504166666666666,76.375,1005.7416666666667,14.25,0.30000000000000004,29.6,29.2,29.4,29.766666666666666,29.785714285714285,74.95833333333333,1005.1152777777778,1,8,30.3
2022-08-24,30.3,22.8,1.6,26.066666666666666,75.79166666666667,1007.8708333333334,11.85,1.6,30.0,29.7,29.9,29.96666666666667,29.842857142857145,75.73611111111111,1006.0791666666668,2,8,30.0
2022-08-25,30.0,22.0,4.2,25.291666666666668,79.875,1007.3416666666667,9.416666666666666,4.2,30.3,29.6,30.5,30.099999999999998,29.771428571428572,77.34722222222223,1006.9847222222223,3,8,30.7
2022-08-26,30.7,21.9,1.0,25.825,76.25,1006.6875,8.1,1.0,30.0,30.0,29.6,30.333333333333332,29.928571428571427,77.30555555555556,1007.3000000000001,4,8,30.4
2022-08-27,30.4,22.6,1.7,25.616666666666664,78.375,1006.7583333333333,9.404166666666667,1.7000000000000002,30.7,30.3,29.2,30.366666666666664,30.099999999999998,78.16666666666667,1006.9291666666667,5,8,30.1
2022-08-28,30.1,21.7,0.6,26.0,76.16666666666667,1006.4416666666666,9.054166666666667,0.6,30.4,30.0,29.7,30.400000000000002,30.157142857142855,76.93055555555556,1006.6291666666666,6,8,30.0
2022-08-29,30.0,23.0,8.8,25.516666666666666,81.625,1008.0875,5.175,8.8,30.1,30.7,29.6,30.166666666666668,30.214285714285715,78.72222222222223,1007.0958333333333,0,8,30.6
2022-08-30,30.6,21.8,0.7,25.7,81.0,1008.7333333333332,8.549999999999999,0.7000000000000001,30.0,30.4,30.0,30.233333333333334,30.300000000000004,79.59722222222223,1007.7541666666666,1,8,30.6
2022-08-31,30.6,22.3,8.7,25.679166666666664,81.70833333333333,1008.1791666666667,6.908333333333334,8.700000000000001,30.6,30.1,30.3,30.400000000000002,30.342857142857145,81.44444444444444,1008.3333333333334,2,8,30.5
2022-09-01,30.5,22.8,7.2,25.458333333333332,83.75,1008.2125,5.216666666666667,7.199999999999999,30.6,30.0,30.0,30.566666666666666,30.414285714285715,82.15277777777777,1008.375,3,9,30.4
2022-09-02,30.4,22.1,0.4,25.724999999999998,80.91666666666667,1008.9416666666666,9.116666666666667,0.4,30.5,30.6,30.7,30.5,30.371428571428574,82.125,1008.4444444444443,4,9,31.3
2022-09-03,31.3,22.1,2.6,26.7,78.75,1008.15,5.733333333333333,2.5999999999999996,30.4,30.6,30.4,30.733333333333334,30.5,81.1388888888889,1008.4347222222221,5,9,30.0
2022-09-04,30.0,22.3,10.5,25.791666666666668,81.375,1007.75,7.1375,10.5,31.3,30.5,30.1,30.566666666666666,30.485714285714288,80.34722222222223,1008.2805555555556,6,9,30.4
2022-09-05,30.4,21.9,2.5,25.608333333333334,82.91666666666667,1007.6416666666668,5.204166666666667,2.5,30.0,30.4,30.0,30.566666666666666,30.542857142857144,81.01388888888889,1007.8472222222223,0,9,30.1
2022-09-06,30.1,22.0,10.9,25.2375,85.875,1007.2875,4.916666666666667,10.9,30.4,31.3,30.6,30.166666666666668,30.471428571428568,83.3888888888889,1007.5597222222223,1,9,30.2
2022-09-07,30.2,22.2,19.5,25.0,85.79166666666667,1007.1541666666667,5.054166666666666,19.5,30.1,30.0,30.6,30.233333333333334,30.41428571428571,84.86111111111113,1007.3611111111112,2,9,28.5
2022-09-08,28.5,21.9,10.9,24.375,88.0,1006.4541666666668,6.425,10.9,30.2,30.4,30.5,29.599999999999998,30.128571428571426,86.55555555555556,1006.9652777777778,3,9,28.2
2022-09-09,28.2,22.5,24.5,24.4375,89.04166666666667,1005.9041666666667,6.175,24.5,28.5,30.1,30.4,28.96666666666667,29.814285714285717,87.61111111111113,1006.5041666666667,4,9,27.9
2022-09-10,27.9,22.6,20.3,23.97083333333333,89.91666666666667,1004.9416666666666,11.558333333333332,20.3,28.2,30.2,31.3,28.2,29.32857142857143,88.9861111111111,1005.7666666666668,5,9,26.1
2022-09-11,26.1,22.2,9.2,23.5625,90.16666666666667,1003.2666666666668,18.304166666666667,9.2,27.9,28.5,30.0,27.400000000000002,28.771428571428572,89.70833333333333,1004.7041666666668,6,9,27.2
2022-09-12,27.2,22.4,1.6,24.508333333333336,83.58333333333333,1002.8625000000001,21.0,1.6,26.1,28.2,30.4,27.066666666666663,28.314285714285713,87.8888888888889,1003.6902777777777,0,9,28.8
2022-09-13,28.8,22.9,0.5,25.354166666666668,77.95833333333333,1005.525,19.229166666666668,0.5,27.2,27.9,30.1,27.36666666666667,28.12857142857143,83.90277777777777,1003.8847222222222,1,9,29.1
2022-09-14,29.1,22.1,0.9,25.195833333333336,78.20833333333333,1008.5375,16.0,0.9000000000000001,28.8,26.1,30.2,28.366666666666664,27.971428571428568,79.91666666666667,1005.6416666666668,2,9,29.1
2022-09-15,29.1,22.2,0.2,25.224999999999998,76.95833333333333,1009.3166666666666,17.741666666666667,0.2,29.1,27.2,28.5,29.0,28.057142857142857,77.70833333333333,1007.7930555555555,3,9,29.1
2022-09-16,29.1,22.4,0.0,25.325,75.95833333333333,1007.3249999999999,20.266666666666666,0.0,29.1,28.8,28.2,29.1,28.185714285714287,77.04166666666667,1008.3930555555554,4,9,29.7
2022-09-17,29.7,22.2,0.3,25.333333333333332,77.95833333333333,1007.4541666666668,14.695833333333333,0.30000000000000004,29.1,29.1,27.9,29.3,28.442857142857143,76.95833333333333,1008.0319444444444,5,9,29.4
2022-09-18,29.4,22.5,0.1,25.337500000000002,76.91666666666667,1008.4250000000001,13.200000000000001,0.1,29.7,29.1,26.1,29.400000000000002,28.914285714285715,76.94444444444444,1007.7347222222223,6,9,29.0
2022-09-19,29.0,22.8,3.2,25.191666666666666,74.91666666666667,1007.9458333333333,13.975,3.2,29.4,29.1,27.2,29.366666666666664,29.171428571428574,76.59722222222223,1007.9416666666667,0,9,26.1
2022-09-20,26.1,22.2,1.8,24.037499999999998,83.20833333333333,1007.2958333333332,15.408333333333333,1.8,29.0,29.7,28.8,28.166666666666668,28.785714285714285,78.34722222222223,1007.8888888888888,1,9,28.8
2022-09-21,28.8,21.7,0.8,24.9375,78.625,1007.1625,14.883333333333333,0.8,26.1,29.4,29.1,27.96666666666667,28.742857142857144,78.91666666666667,1007.4680555555555,2,9,27.9
2022-09-22,27.9,22.3,3.6,24.662499999999998,78.45833333333333,1008.0291666666667,13.895833333333334,3.6,28.8,29.0,29.1,27.599999999999998,28.571428571428573,80.09722222222221,1007.4958333333334,3,9,28.3
2022-09-23,28.3,21.8,0.8,24.366666666666664,76.41666666666667,1008.9499999999999,12.5875,0.8,27.9,26.1,29.1,28.333333333333332,28.457142857142856,77.83333333333333,1008.0472222222223,4,9,29.2
2022-09-24,29.2,21.7,0.0,24.854166666666668,76.125,1008.7791666666667,10.145833333333334,0.0,28.3,28.8,29.7,28.46666666666667,28.385714285714283,77.0,1008.5861111111111,5,9,29.3
2022-09-25,29.3,21.3,0.7,24.941666666666666,77.95833333333333,1008.1999999999999,6.845833333333334,0.7000000000000001,29.2,27.9,29.4,28.933333333333334,28.37142857142857,76.83333333333333,1008.6430555555556,6,9,30.2
2022-09-26,30.2,21.7,3.1,25.2375,79.66666666666667,1008.9166666666666,5.195833333333334,3.1,29.3,28.3,29.0,29.566666666666666,28.54285714285714,77.91666666666667,1008.6319444444445,0,9,29.4
2022-09-27,29.4,22.2,2.2,25.195833333333336,82.58333333333333,1007.8249999999999,7.483333333333333,2.2,30.2,29.2,26.1,29.63333333333333,29.014285714285712,80.06944444444444,1008.3138888888889,1,9,29.3
2022-09-28,29.3,21.7,14.6,24.900000000000002,85.5,1006.8833333333333,5.654166666666666,14.600000000000001,29.4,29.3,28.8,29.633333333333336,29.085714285714285,82.58333333333333,1007.875,2,9,29.0
2022-09-29,29.0,21.9,25.5,24.020833333333332,88.91666666666667,1006.875,8.25,25.5,29.3,30.2,27.9,29.23333333333333,29.242857142857144,85.66666666666667,1007.1944444444445,3,9,29.2
2022-09-30,29.2,22.1,8.5,25.25,83.70833333333333,1006.8708333333334,8.920833333333333,8.5,29.0,29.4,28.3,29.166666666666668,29.37142857142857,86.04166666666667,1006.8763888888889,4,9,29.6
2022-10-01,29.6,22.1,1.3,25.045833333333334,80.375,1007.0708333333333,9.975,1.3,29.2,29.3,29.2,29.266666666666666,29.428571428571427,84.33333333333333,1006.9388888888889,5,10,30.0
2022-10-02,30.0,21.1,0.0,25.2625,75.70833333333333,1007.15,14.191666666666668,0.0,29.6,29.0,29.3,29.599999999999998,29.52857142857143,79.93055555555554,1007.0305555555556,6,10,30.3
2022-10-03,30.3,22.8,0.1,25.866666666666664,68.91666666666667,1007.0583333333334,13.6,0.1,30.0,29.2,30.2,29.96666666666667,29.542857142857144,75.0,1007.0930555555556,0,10,30.1
2022-10-04,30.1,22.8,0.0,25.95,67.41666666666667,1006.9291666666667,11.654166666666667,0.0,30.3,29.6,29.4,30.133333333333336,29.642857142857142,70.68055555555556,1007.0458333333332,1,10,28.6
2022-10-05,28.6,22.3,10.9,24.479166666666668,81.16666666666667,1006.9375,7.041666666666667,10.9,30.1,30.0,29.3,29.666666666666668,29.542857142857144,72.50000000000001,1006.975,2,10,25.6
2022-10-06,25.6,21.6,21.1,22.77916666666667,92.29166666666667,1006.4083333333333,6.495833333333334,21.1,28.6,30.3,29.0,28.100000000000005,29.057142857142857,80.29166666666667,1006.7583333333332,3,10,28.6
2022-10-07,28.6,20.7,2.3,24.320833333333336,81.875,1007.3708333333334,8.891666666666667,2.3000000000000003,25.6,30.1,29.2,27.600000000000005,28.97142857142857,85.1111111111111,1006.9055555555556,4,10,28.9
2022-10-08,28.9,21.1,3.5,24.5125,82.125,1009.75,5.333333333333333,3.5,28.6,28.6,29.6,27.7,28.871428571428574,85.43055555555556,1007.8430555555556,5,10,28.1
2022-10-09,28.1,21.4,2.6,24.09166666666667,87.41666666666667,1010.3458333333333,7.7875000000000005,2.5999999999999996,28.9,25.6,30.0,28.53333333333333,28.6,83.80555555555556,1009.1555555555556,6,10,27.9
2022-10-10,27.9,22.0,1.5,23.991666666666664,88.375,1011.2624999999999,10.3125,1.5,28.1,28.6,30.3,28.3,28.25714285714286,85.97222222222223,1010.4527777777777,0,10,28.6
2022-10-11,28.6,22.0,3.2,24.433333333333334,85.375,1010.8208333333333,11.645833333333334,3.2,27.9,28.9,30.1,28.2,28.042857142857144,87.05555555555556,1010.8097222222223,1,10,29.1
2022-10-12,29.1,21.6,11.8,24.241666666666664,85.75,1011.1166666666667,6.7,11.799999999999999,28.6,28.1,28.6,28.53333333333333,28.11428571428571,86.5,1011.0666666666666,2,10,29.0
2022-10-13,29.0,21.1,3.8,24.304166666666664,85.83333333333333,1011.0,4.754166666666666,3.8000000000000003,29.1,27.9,25.6,28.900000000000002,28.599999999999998,85.65277777777777,1010.9791666666666,3,10,28.0
2022-10-14,28.0,21.1,2.0,23.40416666666667,88.16666666666667,1010.8000000000001,5.445833333333333,2.0,29.0,28.6,28.6,28.7,28.514285714285712,86.58333333333333,1010.9722222222223,4,10,26.8
2022-10-15,26.8,20.9,5.0,23.575,88.04166666666667,1009.7666666666668,10.0,5.0,28.0,29.1,28.9,27.933333333333334,28.214285714285715,87.34722222222223,1010.5222222222222,5,10,26.7
2022-10-16,26.7,20.9,6.0,23.116666666666664,91.79166666666667,1011.7416666666667,10.491666666666667,6.0,26.8,29.0,28.1,27.166666666666668,28.014285714285712,89.33333333333333,1010.7694444444445,6,10,28.7
2022-10-17,28.7,21.2,2.0,24.6375,84.375,1012.8541666666666,8.204166666666667,2.0,26.7,28.0,27.9,27.400000000000002,28.12857142857143,88.06944444444446,1011.4541666666668,0,10,28.5
2022-10-18,28.5,21.2,0.4,24.416666666666668,83.79166666666667,1012.3583333333332,3.470833333333333,0.4,28.7,26.8,28.6,27.96666666666667,28.114285714285717,86.65277777777777,1012.3180555555555,1,10,29.3
2022-10-19,29.3,21.1,1.1,24.308333333333334,82.83333333333333,1011.6291666666666,5.7625,1.1,28.5,26.7,29.1,28.833333333333332,28.142857142857142,83.66666666666667,1012.2805555555555,2,10,28.4
2022-10-20,28.4,21.1,2.8,23.787499999999998,86.125,1012.7875,6.4375,2.8,29.3,28.7,29.0,28.73333333333333,28.057142857142857,84.25,1012.2583333333333,3,10,29.0
2022-10-21,29.0,20.0,0.0,24.195833333333336,78.29166666666667,1014.0791666666668,8.091666666666667,0.0,28.4,28.5,28.0,28.899999999999995,28.2,82.41666666666667,1012.8319444444445,4,10,27.9
2022-10-22,27.9,18.9,0.0,22.90416666666667,59.625,1014.9625,11.237499999999999,0.0,29.0,29.3,26.8,28.433333333333334,28.357142857142858,74.68055555555556,1013.9430555555556,5,10,27.8
2022-10-23,27.8,17.7,0.0,22.045833333333334,57.916666666666664,1013.3708333333334,11.950000000000001,0.0,27.9,28.4,26.7,28.233333333333334,28.514285714285712,65.27777777777779,1014.1375000000002,6,10,28.1
2022-10-24,28.1,16.8,0.0,21.833333333333332,57.416666666666664,1011.1291666666666,10.9625,0.0,27.8,29.0,28.7,27.933333333333334,28.428571428571427,58.319444444444436,1013.1541666666667,0,10,28.2
2022-10-25,28.2,16.4,0.0,21.616666666666664,63.708333333333336,1011.85,7.233333333333333,0.0,28.1,27.9,28.5,28.03333333333333,28.385714285714283,59.68055555555555,1012.1166666666667,1,10,28.2
2022-10-26,28.2,15.6,0.0,22.03333333333333,62.708333333333336,1013.8583333333332,7.166666666666667,0.0,28.2,27.8,29.3,28.166666666666668,28.228571428571428,61.27777777777778,1012.2791666666666,2,10,28.2
2022-10-27,28.2,17.1,0.0,22.320833333333336,64.70833333333333,1013.9875000000001,6.329166666666667,0.0,28.2,28.1,28.4,28.2,28.2,63.708333333333336,1013.2319444444444,3,10,28.9
2022-10-28,28.9,16.5,0.0,22.912499999999998,56.708333333333336,1013.0916666666667,7.966666666666666,0.0,28.2,28.2,29.0,28.433333333333334,28.185714285714287,61.375,1013.6458333333334,4,10,28.5
2022-10-29,28.5,18.5,0.0,22.754166666666666,47.541666666666664,1013.1291666666666,10.495833333333334,0.0,28.9,28.2,27.9,28.53333333333333,28.27142857142857,56.319444444444436,1013.4027777777778,5,10,28.5
2022-10-30,28.5,17.4,0.0,22.22083333333333,51.25,1013.35,10.191666666666666,0.0,28.5,28.2,27.8,28.633333333333336,28.371428571428574,51.833333333333336,1013.1902777777777,6,10,28.0
2022-10-31,28.0,16.9,0.0,21.958333333333332,57.541666666666664,1013.0375,8.55,0.0,28.5,28.9,28.1,28.333333333333332,28.357142857142858,52.11111111111111,1013.1722222222221,0,10,27.1
2022-11-01,27.1,17.8,0.2,22.195833333333336,67.20833333333333,1014.0541666666667,6.8125,0.2,28.0,28.5,28.2,27.866666666666664,28.2,58.666666666666664,1013.4805555555555,1,11,27.5
2022-11-02,27.5,18.6,0.0,22.71666666666667,74.70833333333333,1013.0749999999999,7.629166666666666,0.0,27.1,28.5,28.2,27.53333333333333,28.1,66.4861111111111,1013.388888888889,2,11,29.8
2022-11-03,29.8,19.3,0.3,24.09166666666667,71.79166666666667,1012.6708333333332,8.666666666666666,0.3,27.5,28.0,28.2,28.133333333333336,28.328571428571426,71.23611111111111,1013.2666666666665,3,11,29.3
2022-11-04,29.3,19.4,0.6,24.075,75.95833333333333,1014.0583333333334,7.2375,0.6,29.8,27.1,28.9,28.866666666666664,28.385714285714283,74.15277777777777,1013.2680555555554,4,11,29.9
2022-11-05,29.9,18.9,0.0,23.875,68.125,1015.3375,6.633333333333333,0.0,29.3,27.5,28.5,29.666666666666668,28.585714285714285,71.95833333333333,1014.0222222222222,5,11,29.4
2022-11-06,29.4,17.4,0.0,23.150000000000002,61.791666666666664,1015.7125,7.329166666666667,0.0,29.9,29.8,28.5,29.53333333333333,28.714285714285715,68.625,1015.0361111111112,6,11,29.7
2022-11-07,29.7,16.5,0.0,23.233333333333334,60.583333333333336,1014.9166666666666,6.408333333333332,0.0,29.4,29.3,28.0,29.666666666666668,28.95714285714286,63.5,1015.3222222222222,0,11,29.5
2022-11-08,29.5,16.7,0.0,23.1125,59.708333333333336,1014.5124999999999,5.866666666666667,0.0,29.7,29.9,27.1,29.53333333333333,29.3,60.69444444444445,1015.0472222222221,1,11,29.0
2022-11-09,29.0,15.9,0.0,22.416666666666668,53.708333333333336,1014.3458333333333,7.341666666666666,0.0,29.5,29.4,27.5,29.400000000000002,29.514285714285712,58.0,1014.5916666666666,2,11,29.2
2022-11-10,29.2,16.6,0.0,22.9375,52.375,1014.525,9.354166666666666,0.0,29.0,29.7,29.8,29.23333333333333,29.428571428571427,55.26388888888889,1014.4611111111111,3,11,29.4
2022-11-11,29.4,19.3,0.0,23.879166666666666,50.458333333333336,1014.25,13.233333333333334,0.0,29.2,29.5,29.3,29.2,29.442857142857143,52.18055555555555,1014.3736111111111,4,11,29.4
2022-11-12,29.4,18.8,0.0,23.96666666666667,53.083333333333336,1014.4958333333334,10.583333333333334,0.0,29.4,29.0,29.9,29.333333333333332,29.37142857142857,51.97222222222223,1014.4236111111112,5,11,29.7
2022-11-13,29.7,18.2,0.0,23.329166666666666,60.583333333333336,1014.225,8.575000000000001,0.0,29.4,29.2,29.4,29.5,29.41428571428571,54.708333333333336,1014.3236111111111,6,11,29.9
2022-11-14,29.9,17.8,0.0,23.083333333333332,65.0,1014.6125000000001,6.545833333333333,0.0,29.7,29.4,29.7,29.666666666666668,29.442857142857143,59.55555555555555,1014.4444444444445,0,11,29.7
2022-11-15,29.7,18.3,0.0,22.941666666666666,57.125,1014.525,6.95,0.0,29.9,29.4,29.5,29.766666666666666,29.471428571428568,60.90277777777777,1014.4541666666668,1,11,28.9
2022-11-16,28.9,14.6,0.0,21.766666666666666,53.125,1013.4291666666667,6.504166666666666,0.0,29.7,29.7,29.0,29.5,29.457142857142856,58.416666666666664,1014.1888888888889,2,11,29.0
2022-11-17,29.0,14.4,0.0,21.441666666666666,51.541666666666664,1013.0416666666666,8.4,0.0,28.9,29.9,29.2,29.2,29.428571428571427,53.93055555555555,1013.6652777777778,3,11,28.4
2022-11-18,28.4,16.6,0.0,22.02916666666667,47.708333333333336,1013.3333333333334,10.595833333333333,0.0,29.0,29.7,29.4,28.766666666666666,29.285714285714285,50.791666666666664,1013.2680555555556,4,11,26.8
2022-11-19,26.8,16.5,0.0,21.25,50.708333333333336,1013.6791666666667,10.833333333333334,0.0,28.4,28.9,29.4,28.066666666666666,28.91428571428571,49.98611111111111,1013.3513888888889,5,11,26.4
2022-11-20,26.4,14.9,0.0,20.370833333333334,51.583333333333336,1012.4541666666668,8.216666666666667,0.0,26.8,29.0,29.7,27.2,28.442857142857143,50.0,1013.1555555555557,6,11,29.2
2022-11-21,29.2,17.5,0.0,23.441666666666666,49.416666666666664,1011.5166666666668,9.058333333333334,0.0,26.4,28.4,29.9,27.46666666666667,28.342857142857138,50.569444444444436,1012.5500000000001,0,11,30.2
2022-11-22,30.2,20.9,0.0,25.037499999999998,55.666666666666664,1011.5333333333333,10.029166666666667,0.0,29.2,26.8,29.7,28.599999999999998,28.414285714285715,52.22222222222221,1011.8347222222222,1,11,29.9
2022-11-23,29.9,20.4,0.0,24.633333333333336,70.375,1012.4208333333332,8.433333333333334,0.0,30.2,26.4,28.9,29.766666666666666,28.557142857142857,58.48611111111111,1011.8236111111111,2,11,28.7
2022-11-24,28.7,20.0,0.8,24.354166666666668,75.375,1012.6208333333334,6.6499999999999995,0.8,29.9,29.2,29.0,29.599999999999998,28.514285714285712,67.13888888888889,1012.1916666666666,3,11,30.6
2022-11-25,30.6,20.0,0.0,24.566666666666666,64.70833333333333,1013.2416666666667,6.620833333333334,0.0,28.7,30.2,28.4,29.73333333333333,28.828571428571426,70.15277777777777,1012.7611111111111,4,11,30.3
2022-11-26,30.3,18.3,0.0,23.866666666666664,54.208333333333336,1012.3708333333334,6.8125,0.0,30.6,29.9,26.8,29.86666666666667,29.32857142857143,64.76388888888889,1012.7444444444445,5,11,30.0
2022-11-27,30.0,16.9,0.0,23.358333333333334,54.625,1010.4166666666666,6.720833333333334,0.0,30.3,28.7,26.4,30.3,29.842857142857145,57.84722222222222,1012.0097222222222,6,11,29.6
2022-11-28,29.6,17.4,0.0,22.866666666666664,54.0,1011.0541666666667,6.441666666666666,0.0,30.0,30.6,29.2,29.96666666666667,29.9,54.27777777777777,1011.2805555555556,0,11,28.6
2022-11-29,28.6,15.5,0.0,21.620833333333334,50.541666666666664,1012.4541666666668,7.8,0.0,29.6,30.3,30.2,29.400000000000002,29.67142857142857,53.05555555555554,1011.3083333333334,1,11,28.1
2022-11-30,28.1,13.7,0.0,21.175,56.083333333333336,1013.6999999999999,6.104166666666667,0.0,28.6,30.0,29.9,28.76666666666667,29.414285714285715,53.54166666666666,1012.4027777777778,2,11,29.4
2022-12-01,29.4,17.0,0.0,23.104166666666668,59.666666666666664,1013.1583333333333,6.4750000000000005,0.0,28.1,29.6,28.7,28.7,29.514285714285712,55.43055555555554,1013.1041666666666,3,12,29.3
2022-12-02,29.3,17.7,0.0,23.77916666666667,69.79166666666667,1012.5375,5.820833333333333,0.0,29.4,28.6,30.6,28.933333333333337,29.32857142857143,61.84722222222222,1013.1319444444443,4,12,29.3
2022-12-03,29.3,19.1,0.1,23.995833333333334,73.125,1012.8083333333334,6.554166666666667,0.1,29.3,28.1,30.3,29.333333333333332,29.185714285714287,67.52777777777777,1012.8347222222222,5,12,29.8
2022-12-04,29.8,19.1,0.0,24.016666666666666,69.79166666666667,1013.5416666666666,6.545833333333333,0.0,29.3,29.4,30.0,29.46666666666667,29.157142857142855,70.90277777777777,1012.9625000000001,6,12,28.8
2022-12-05,28.8,17.3,0.0,22.570833333333336,59.5,1014.4416666666666,8.15,0.0,29.8,29.3,29.6,29.3,29.042857142857144,67.47222222222221,1013.5972222222222,0,12,29.8
2022-12-06,29.8,16.0,0.0,22.104166666666668,54.25,1013.6666666666666,8.5625,0.0,28.8,29.3,28.6,29.46666666666667,29.214285714285715,61.18055555555554,1013.8833333333332,1,12,28.9
2022-12-07,28.9,16.8,0.0,22.037499999999998,57.083333333333336,1012.7875,9.975,0.0,29.8,29.8,28.1,29.166666666666668,29.328571428571426,56.944444444444436,1013.6319444444445,2,12,26.9
2022-12-08,26.9,15.8,0.0,20.704166666666666,52.166666666666664,1012.3625000000001,11.058333333333332,0.0,28.9,28.8,29.4,28.53333333333333,28.97142857142857,54.5,1012.9388888888889,3,12,27.5
2022-12-09,27.5,15.7,0.0,21.479166666666668,47.291666666666664,1010.8541666666666,10.204166666666667,0.0,26.9,29.8,29.3,27.766666666666666,28.714285714285715,52.18055555555555,1012.0013888888889,4,12,27.0
2022-12-10,27.0,17.9,3.8,22.191666666666666,69.625,1010.4708333333333,12.466666666666667,3.8000000000000003,27.5,28.9,29.3,27.133333333333336,28.385714285714283,56.36111111111111,1011.2291666666666,5,12,25.8
2022-12-11,25.8,20.1,11.1,21.670833333333334,89.41666666666667,1011.4791666666666,15.533333333333333,11.1,27.0,26.9,29.8,26.766666666666666,27.814285714285717,68.77777777777777,1010.9347222222223,6,12,26.9
2022-12-12,26.9,20.2,1.3,22.554166666666664,84.70833333333333,1012.2375000000001,14.116666666666667,1.3,25.8,27.5,28.8,26.566666666666666,27.54285714285714,81.25,1011.3958333333334,0,12,27.0
2022-12-13,27.0,20.8,2.3,22.945833333333336,84.16666666666667,1013.35,12.129166666666668,2.3000000000000003,26.9,27.0,29.8,26.566666666666666,27.142857142857142,86.09722222222223,1012.3555555555555,1,12,28.5
2022-12-14,28.5,19.6,0.0,23.058333333333334,79.5,1013.9458333333333,8.5375,0.0,27.0,25.8,28.9,27.46666666666667,27.085714285714285,82.79166666666667,1013.1777777777778,2,12,28.9
2022-12-15,28.9,18.9,0.0,23.620833333333334,72.625,1013.1,5.420833333333333,0.0,28.5,26.9,26.9,28.13333333333333,27.37142857142857,78.7638888888889,1013.4652777777777,3,12,29.9
2022-12-16,29.9,18.9,0.0,24.191666666666666,68.95833333333333,1012.2916666666666,5.633333333333333,0.0,28.9,27.0,27.5,29.099999999999998,27.714285714285715,73.69444444444444,1013.1125000000001,4,12,29.9
2022-12-17,29.9,19.1,0.0,24.066666666666666,69.125,1012.9291666666667,7.141666666666667,0.0,29.9,28.5,27.0,29.566666666666663,28.12857142857143,70.2361111111111,1012.7736111111111,5,12,28.3
2022-12-18,28.3,17.4,0.0,22.520833333333332,59.916666666666664,1012.9208333333332,9.033333333333333,0.0,29.9,28.9,25.8,29.366666666666664,28.485714285714284,65.99999999999999,1012.7138888888888,6,12,28.0
2022-12-19,28.0,15.2,0.0,21.241666666666667,57.166666666666664,1012.4791666666666,7.4125000000000005,0.0,28.3,29.9,26.9,28.73333333333333,28.642857142857142,62.069444444444436,1012.7763888888888,0,12,28.9
2022-12-20,28.9,15.3,0.0,21.666666666666668,61.583333333333336,1012.0291666666667,6.641666666666667,0.0,28.0,29.9,27.0,28.400000000000002,28.914285714285715,59.55555555555555,1012.4763888888889,1,12,29.3
2022-12-21,29.3,15.7,0.0,21.9375,58.416666666666664,1012.3708333333334,5.125,0.0,28.9,28.3,28.5,28.733333333333334,29.028571428571432,59.055555555555564,1012.2930555555555,2,12,29.4
2022-12-22,29.4,16.1,0.0,22.125,53.833333333333336,1012.0875,6.908333333333334,0.0,29.3,28.0,28.9,29.2,29.099999999999998,57.94444444444445,1012.1625,3,12,30.2
2022-12-23,30.2,15.2,0.0,22.108333333333334,59.0,1012.0166666666668,6.258333333333333,0.0,29.4,28.9,29.9,29.633333333333336,29.142857142857142,57.083333333333336,1012.1583333333334,4,12,29.6
2022-12-24,29.6,14.9,0.0,21.825,56.375,1013.0124999999999,7.7375,0.0,30.2,29.3,29.9,29.733333333333334,29.099999999999998,56.40277777777778,1012.3722222222223,5,12,29.1
2022-12-25,29.1,14.7,0.0,21.391666666666666,66.0,1013.8375,9.841666666666667,0.0,29.6,29.4,28.3,29.633333333333336,29.214285714285715,60.458333333333336,1012.9555555555556,6,12,28.6
2022-12-26,28.6,18.2,0.3,23.020833333333332,77.66666666666667,1015.1374999999999,10.237499999999999,0.30000000000000004,29.1,30.2,28.0,29.100000000000005,29.300000000000004,66.68055555555556,1013.9958333333333,0,12,30.2
2022-12-27,30.2,19.4,0.0,24.045833333333334,72.125,1015.8333333333334,6.195833333333333,0.0,28.6,29.6,28.9,29.3,29.485714285714288,71.93055555555556,1014.9361111111111,1,12,31.1
2022-12-28,31.1,18.8,0.0,24.8125,65.70833333333333,1016.1041666666666,4.695833333333334,0.0,30.2,29.1,29.3,29.96666666666667,29.74285714285714,71.83333333333333,1015.6916666666666,2,12,30.5
2022-12-29,30.5,18.9,0.0,25.037499999999998,61.708333333333336,1017.2125,4.366666666666666,0.0,31.1,28.6,29.4,30.599999999999998,29.900000000000002,66.51388888888889,1016.3833333333333,3,12,30.4
2022-12-30,30.4,19.2,0.0,24.71666666666667,60.333333333333336,1018.0124999999999,4.070833333333334,0.0,30.5,30.2,30.2,30.666666666666668,29.928571428571427,62.583333333333336,1017.1097222222221,4,12,30.8
2022-12-31,30.8,18.7,0.0,24.804166666666664,56.375,1016.7291666666666,3.904166666666667,0.0,30.4,31.1,29.6,30.566666666666666,30.099999999999998,59.47222222222223,1017.3180555555555,5,12,30.1
2023-01-01,30.1,20.0,0.0,24.120833333333334,57.916666666666664,1016.3083333333334,5.825,0.0,30.8,30.5,29.1,30.433333333333337,30.242857142857144,58.208333333333336,1017.0166666666668,6,1,29.4
2023-01-02,29.4,18.5,0.0,23.629166666666666,61.916666666666664,1016.5791666666668,7.058333333333334,0.0,30.1,30.4,28.6,30.099999999999998,30.357142857142858,58.73611111111111,1016.5388888888889,0,1,28.6
2023-01-03,28.6,18.0,0.0,22.875,67.16666666666667,1016.9833333333332,5.791666666666667,0.0,29.4,30.8,30.2,29.366666666666664,30.12857142857143,62.333333333333336,1016.6236111111111,1,1,28.6
2023-01-04,28.6,18.0,0.0,22.21666666666667,67.25,1016.2375000000001,7.5249999999999995,0.0,28.6,30.1,31.1,28.866666666666664,29.771428571428572,65.44444444444444,1016.6,2,1,26.8
2023-01-05,26.8,17.8,0.9,21.691666666666666,76.33333333333333,1017.6333333333333,9.420833333333333,0.9,28.6,29.4,30.5,28.0,29.242857142857144,70.25,1016.9513888888888,3,1,27.1
2023-01-06,27.1,18.0,0.3,21.7375,75.95833333333333,1018.9333333333334,7.633333333333333,0.30000000000000004,26.8,28.6,30.4,27.5,28.771428571428572,73.18055555555556,1017.6013888888889,4,1,27.0
2023-01-07,27.0,16.8,0.0,21.004166666666666,63.541666666666664,1018.1166666666667,8.725,0.0,27.1,28.6,30.8,26.96666666666667,28.22857142857143,71.94444444444444,1018.2277777777778,5,1,26.1
2023-01-08,26.1,13.1,0.0,18.716666666666665,54.5,1017.1125000000001,8.737499999999999,0.0,27.0,26.8,30.1,26.733333333333334,27.657142857142855,64.66666666666667,1018.0541666666668,6,1,27.1
2023-01-09,27.1,11.1,0.0,18.741666666666667,51.458333333333336,1017.7708333333334,7.304166666666667,0.0,26.1,27.1,29.4,26.733333333333334,27.328571428571426,56.5,1017.6666666666666,0,1,28.3
2023-01-10,28.3,13.8,0.0,20.404166666666665,49.875,1017.0791666666668,6.3999999999999995,0.0,27.1,27.0,28.6,27.166666666666668,27.285714285714285,51.94444444444445,1017.3208333333333,1,1,28.2
2023-01-11,28.2,12.6,0.0,20.295833333333334,54.791666666666664,1014.8666666666667,4.6875,0.0,28.3,26.1,28.6,27.86666666666667,27.228571428571428,52.041666666666664,1016.5722222222222,2,1,29.0
2023-01-12,29.0,13.5,0.0,21.162499999999998,56.541666666666664,1013.275,6.104166666666667,0.0,28.2,27.1,26.8,28.5,27.54285714285714,53.73611111111111,1015.0736111111111,3,1,29.0
2023-01-13,29.0,14.6,0.0,21.579166666666666,57.583333333333336,1013.65,4.95,0.0,29.0,28.3,27.1,28.733333333333334,27.814285714285713,56.30555555555555,1013.9305555555555,4,1,29.3
2023-01-14,29.3,16.2,0.0,22.083333333333332,55.625,1013.5749999999999,5.433333333333334,0.0,29.0,28.2,27.0,29.099999999999998,28.142857142857142,56.583333333333336,1013.5,5,1,29.3
2023-01-15,29.3,16.2,0.0,22.162499999999998,58.5,1012.8583333333332,6.3500000000000005,0.0,29.3,29.0,26.1,29.2,28.6,57.236111111111114,1013.361111111111,6,1,29.6
2023-01-16,29.6,16.0,0.0,22.358333333333334,54.0,1013.3708333333334,7.120833333333334,0.0,29.3,29.0,27.1,29.400000000000002,28.95714285714286,56.041666666666664,1013.2680555555554,0,1,29.5
2023-01-17,29.5,15.1,0.0,21.729166666666668,49.083333333333336,1014.0625,7.745833333333334,0.0,29.6,29.3,28.3,29.46666666666667,29.12857142857143,53.86111111111111,1013.4305555555555,1,1,29.5
2023-01-18,29.5,15.0,0.0,21.77916666666667,57.166666666666664,1015.7083333333334,7.629166666666666,0.0,29.5,29.3,28.2,29.533333333333335,29.314285714285717,53.416666666666664,1014.3805555555556,2,1,28.8
2023-01-19,28.8,15.0,0.0,21.795833333333334,59.166666666666664,1015.9875000000001,8.366666666666667,0.0,29.5,29.6,29.0,29.266666666666666,29.285714285714285,55.138888888888886,1015.2527777777779,3,1,28.2
2023-01-20,28.2,16.5,0.0,22.008333333333336,60.583333333333336,1015.4833333333332,8.075000000000001,0.0,28.8,29.5,29.0,28.833333333333332,29.171428571428574,58.97222222222222,1015.7263888888889,4,1,28.2
2023-01-21,28.2,15.9,0.0,21.679166666666664,59.291666666666664,1015.1750000000001,7.25,0.0,28.2,29.5,29.3,28.399999999999995,29.014285714285712,59.680555555555564,1015.5486111111112,5,1,28.4
2023-01-22,28.4,15.0,0.0,21.6125,61.041666666666664,1014.125,8.200000000000001,0.0,28.2,28.8,29.3,28.266666666666666,28.885714285714283,60.30555555555555,1014.9277777777778,6,1,27.8
2023-01-23,27.8,15.8,0.0,21.679166666666664,66.33333333333333,1013.6541666666667,9.266666666666667,0.0,28.4,28.2,29.6,28.13333333333333,28.62857142857143,62.22222222222222,1014.3180555555556,0,1,29.1
2023-01-24,29.1,16.8,0.0,22.087500000000002,62.708333333333336,1013.7041666666668,10.766666666666666,0.0,27.8,28.2,29.5,28.433333333333334,28.571428571428573,63.361111111111114,1013.8277777777779,1,1,28.4
2023-01-25,28.4,16.5,0.0,21.641666666666666,62.166666666666664,1013.7166666666667,9.891666666666667,0.0,29.1,28.4,29.5,28.433333333333334,28.414285714285715,63.736111111111114,1013.6916666666666,2,1,29.1
2023-01-26,29.1,14.7,0.0,21.1375,60.083333333333336,1014.0208333333334,8.895833333333334,0.0,28.4,27.8,28.8,28.86666666666667,28.45714285714286,61.65277777777778,1013.8138888888889,3,1,28.8
2023-01-27,28.8,15.4,0.0,21.816666666666666,55.291666666666664,1014.3125,7.387499999999999,0.0,29.1,29.1,28.2,28.766666666666666,28.542857142857144,59.18055555555555,1014.0166666666668,4,1,29.8
2023-01-28,29.8,15.5,0.0,22.195833333333336,53.166666666666664,1012.9791666666666,7.041666666666667,0.0,28.8,28.4,28.2,29.233333333333334,28.771428571428572,56.18055555555555,1013.7708333333334,5,1,29.1
2023-01-29,29.1,15.1,0.0,22.40833333333333,56.458333333333336,1012.125,10.762500000000001,0.0,29.8,29.1,28.4,29.233333333333334,28.87142857142857,54.97222222222222,1013.1388888888888,6,1,29.3
2023-01-30,29.3,17.1,0.0,22.833333333333332,67.95833333333333,1013.9791666666666,10.420833333333333,0.0,29.1,28.8,27.8,29.400000000000002,29.085714285714285,59.194444444444436,1013.0277777777777,0,1,30.0
2023-01-31,30.0,18.3,0.0,23.320833333333336,59.708333333333336,1013.6125000000001,7.2124999999999995,0.0,29.3,29.8,29.1,29.46666666666667,29.214285714285715,61.375,1013.2388888888889,1,1,29.9
2023-02-01,29.9,17.1,0.0,22.8,56.916666666666664,1013.5083333333333,10.362499999999999,0.0,30.0,29.1,28.4,29.73333333333333,29.428571428571427,61.52777777777777,1013.6999999999999,2,2,29.3
2023-02-02,29.3,17.7,0.0,22.641666666666666,47.875,1014.1458333333334,11.320833333333333,0.0,29.9,29.3,29.1,29.733333333333334,29.457142857142856,54.833333333333336,1013.7555555555556,3,2,29.8
2023-02-03,29.8,15.2,0.0,22.129166666666666,36.708333333333336,1014.4875000000001,8.1,0.0,29.3,30.0,28.8,29.666666666666668,29.599999999999998,47.166666666666664,1014.0472222222223,4,2,30.3
2023-02-04,30.3,16.0,0.0,22.795833333333334,43.541666666666664,1013.2291666666666,7.133333333333333,0.0,29.8,29.9,29.8,29.8,29.671428571428574,42.708333333333336,1013.9541666666668,5,2,30.4
2023-02-05,30.4,15.6,0.0,22.5125,44.458333333333336,1012.75,6.516666666666667,0.0,30.3,29.3,29.1,30.166666666666668,29.857142857142858,41.56944444444445,1013.4888888888889,6,2,30.7
2023-02-06,30.7,15.9,0.0,23.175,48.625,1012.5041666666666,7.262499999999999,0.0,30.4,29.8,29.3,30.46666666666667,30.057142857142857,45.541666666666664,1012.8277777777777,0,2,31.4
2023-02-07,31.4,17.4,0.0,24.7,50.791666666666664,1011.75,7.304166666666667,0.0,30.7,30.3,30.0,30.833333333333332,30.25714285714286,47.958333333333336,1012.3347222222222,1,2,32.5
2023-02-08,32.5,18.5,0.0,24.808333333333334,53.416666666666664,1012.4041666666667,6.083333333333333,0.0,31.4,30.4,29.9,31.53333333333333,30.628571428571426,50.944444444444436,1012.2194444444444,2,2,32.4
2023-02-09,32.4,17.6,0.0,24.462500000000002,50.416666666666664,1013.0083333333333,5.920833333333333,0.0,32.5,30.7,29.3,32.1,31.071428571428573,51.541666666666664,1012.3874999999999,3,2,32.8
2023-02-10,32.8,17.9,0.0,24.916666666666668,38.083333333333336,1013.8874999999999,6.620833333333334,0.0,32.4,31.4,29.8,32.56666666666667,31.5,47.30555555555555,1013.1,4,2,33.5
2023-02-11,33.5,16.5,0.0,25.162499999999998,38.208333333333336,1014.1041666666666,5.55,0.0,32.8,32.5,30.3,32.9,31.957142857142856,42.236111111111114,1013.6666666666666,5,2,33.3
2023-02-12,33.3,17.2,0.0,25.433333333333334,36.291666666666664,1014.6750000000001,8.608333333333333,0.0,33.5,32.4,30.4,33.199999999999996,32.371428571428574,37.52777777777778,1014.2222222222223,6,2,31.6
2023-02-13,31.6,17.4,0.0,23.65833333333333,34.583333333333336,1015.5041666666666,10.6,0.0,33.3,32.8,30.7,32.800000000000004,32.5,36.36111111111111,1014.7611111111111,0,2,31.6
2023-02-14,31.6,14.4,0.0,22.587500000000002,33.625,1014.8874999999999,9.3375,0.0,31.6,33.5,31.4,32.166666666666664,32.52857142857143,34.833333333333336,1015.0222222222222,1,2,32.8
2023-02-15,32.8,15.8,0.0,23.787499999999998,32.083333333333336,1013.1791666666667,9.916666666666666,0.0,31.6,33.3,32.5,32.0,32.57142857142857,33.430555555555564,1014.5236111111111,2,2,33.4
2023-02-16,33.4,17.7,0.0,24.825,31.125,1013.2166666666667,11.108333333333334,0.0,32.8,31.6,32.4,32.6,32.714285714285715,32.27777777777778,1013.7611111111111,3,2,32.5
2023-02-17,32.5,17.3,0.0,24.041666666666668,35.208333333333336,1013.3958333333334,8.008333333333333,0.0,33.4,31.6,32.8,32.9,32.67142857142857,32.80555555555556,1013.263888888889,4,2,31.6
2023-02-18,31.6,17.6,0.0,24.458333333333332,41.25,1013.5166666666668,5.583333333333333,0.0,32.5,32.8,33.5,32.5,32.4,35.861111111111114,1013.3763888888889,5,2,31.7
2023-02-19,31.7,18.9,0.0,25.016666666666666,46.291666666666664,1013.9375,7.020833333333333,0.0,31.6,33.4,33.3,31.933333333333334,32.17142857142857,40.916666666666664,1013.6166666666668,6,2,32.8
2023-02-20,32.8,16.9,0.0,25.183333333333334,47.0,1013.65,5.529166666666666,0.0,31.7,32.5,31.6,32.03333333333333,32.34285714285714,44.84722222222222,1013.7013888888888,0,2,34.3
2023-02-21,34.3,17.1,0.0,25.941666666666666,38.041666666666664,1013.7416666666667,6.070833333333333,0.0,32.8,31.6,31.6,32.93333333333334,32.72857142857142,43.77777777777777,1013.7763888888888,1,2,34.8
2023-02-22,34.8,17.4,0.0,26.266666666666666,36.208333333333336,1012.8708333333334,6.616666666666667,0.0,34.3,31.7,32.8,33.96666666666667,33.01428571428571,40.416666666666664,1013.4208333333332,2,2,34.3
2023-02-23,34.3,17.3,0.0,25.733333333333334,39.375,1012.8666666666667,7.716666666666666,0.0,34.8,32.8,33.4,34.46666666666667,33.142857142857146,37.875,1013.1597222222222,3,2,34.4
2023-02-24,34.4,20.0,0.0,26.53333333333333,35.333333333333336,1013.8541666666666,7.4125000000000005,0.0,34.3,34.3,32.5,34.5,33.41428571428571,36.97222222222222,1013.1972222222222,4,2,34.6
2023-02-25,34.6,20.7,0.0,26.59583333333333,31.125,1015.35,7.895833333333333,0.0,34.4,34.8,31.6,34.43333333333334,33.84285714285714,35.27777777777778,1014.0236111111111,5,2,33.7
2023-02-26,33.7,18.9,0.0,26.125,30.666666666666668,1016.35,8.358333333333333,0.0,34.6,34.3,31.7,34.23333333333334,34.128571428571426,32.37500000000001,1015.1847222222223,6,2,33.3
2023-02-27,33.3,17.8,0.0,25.416666666666668,34.708333333333336,1016.6541666666667,8.775,0.0,33.7,34.4,32.8,33.86666666666667,34.199999999999996,32.166666666666664,1016.1180555555557,0,2,32.9
2023-02-28,32.9,18.5,0.0,25.7625,34.666666666666664,1016.7291666666666,10.645833333333334,0.0,33.3,34.6,34.3,33.300000000000004,33.99999999999999,33.34722222222222,1016.5777777777779,1,2,32.8
2023-03-01,32.8,19.1,0.0,26.070833333333336,31.708333333333332,1017.1666666666666,11.120833333333332,0.0,32.9,33.7,34.8,33.0,33.714285714285715,33.69444444444444,1016.85,2,3,33.2
2023-03-02,33.2,18.4,0.0,25.712500000000002,30.291666666666668,1017.25,10.208333333333334,0.0,32.8,33.3,34.3,32.96666666666667,33.55714285714286,32.22222222222222,1017.048611111111,3,3,34.2
2023-03-03,34.2,18.0,0.0,26.0,34.875,1017.4250000000001,9.220833333333333,0.0,33.2,32.9,34.4,33.4,33.52857142857143,32.291666666666664,1017.2805555555556,4,3,34.0
2023-03-04,34.0,20.8,0.0,27.020833333333332,29.416666666666668,1017.5583333333334,8.85,0.0,34.2,32.8,34.6,33.800000000000004,33.44285714285714,31.527777777777782,1017.4111111111112,5,3,34.1
2023-03-05,34.1,18.6,0.0,26.220833333333335,34.125,1017.0333333333333,9.095833333333333,0.0,34.0,33.2,33.7,34.1,33.5,32.80555555555556,1017.338888888889,6,3,34.4
2023-03-06,34.4,18.3,0.0,26.495833333333334,32.666666666666664,1014.8958333333334,9.420833333333333,0.0,34.1,34.2,33.3,34.166666666666664,33.65714285714286,32.06944444444445,1016.4958333333334,0,3,32.1
2023-03-07,32.1,19.7,0.0,25.95,36.958333333333336,1015.7375000000001,10.908333333333333,0.0,34.4,34.0,32.9,33.53333333333333,33.542857142857144,34.583333333333336,1015.8888888888888,1,3,33.2
2023-03-08,33.2,19.1,0.0,26.241666666666664,40.083333333333336,1015.0541666666667,8.445833333333333,0.0,32.1,34.1,32.8,33.23333333333334,33.6,36.56944444444445,1015.2291666666666,2,3,33.5
2023-03-09,33.5,19.8,0.0,26.46666666666667,35.083333333333336,1014.2208333333333,8.804166666666667,0.0,33.2,34.4,33.2,32.93333333333334,33.642857142857146,37.37500000000001,1015.0041666666666,3,3,33.8
2023-03-10,33.8,19.8,0.0,26.65416666666667,36.125,1013.8125,7.083333333333333,0.0,33.5,32.1,34.2,33.5,33.58571428571428,37.09722222222222,1014.3624999999998,4,3,33.4
2023-03-11,33.4,19.2,0.0,26.270833333333332,39.625,1013.9541666666668,9.879166666666666,0.0,33.8,33.2,34.0,33.56666666666667,33.5,36.94444444444445,1013.9958333333334,5,3,33.7
2023-03-12,33.7,19.4,0.0,26.46666666666667,38.791666666666664,1013.7916666666666,10.5375,0.0,33.4,33.5,34.1,33.63333333333333,33.44285714285714,38.18055555555555,1013.8527777777778,6,3,33.8
2023-03-13,33.8,18.8,0.0,26.412499999999998,34.708333333333336,1012.4916666666667,9.112499999999999,0.0,33.7,33.8,34.4,33.63333333333333,33.357142857142854,37.708333333333336,1013.4125,0,3,34.5
2023-03-14,34.5,19.6,0.0,27.104166666666668,26.291666666666668,1010.3958333333334,8.445833333333333,0.0,33.8,33.4,32.1,34.0,33.7,33.26388888888889,1012.2263888888889,1,3,34.8
2023-03-15,34.8,18.5,0.0,26.954166666666666,31.708333333333332,1009.5749999999999,9.4875,0.0,34.5,33.7,33.2,34.36666666666667,33.92857142857142,30.902777777777782,1010.8208333333333,2,3,31.1
2023-03-16,31.1,20.3,9.7,24.337500000000002,69.20833333333333,1011.7416666666667,7.291666666666667,9.7,34.8,33.8,33.5,33.46666666666667,33.58571428571429,42.40277777777777,1010.5708333333332,3,3,26.8
2023-03-17,26.8,18.9,29.6,22.21666666666667,80.95833333333333,1012.6916666666666,9.154166666666667,29.6,31.1,34.5,33.8,30.900000000000006,32.58571428571428,60.62499999999999,1011.3361111111111,4,3,26.6
2023-03-18,26.6,19.1,17.6,21.75,86.20833333333333,1011.0916666666667,7.691666666666666,17.599999999999998,26.8,34.8,33.4,28.16666666666667,31.61428571428571,78.79166666666664,1011.8416666666667,5,3,29.0
2023-03-19,29.0,17.7,0.3,22.6375,73.41666666666667,1009.3958333333334,6.570833333333333,0.30000000000000004,26.6,31.1,33.7,27.46666666666667,30.942857142857143,80.19444444444444,1011.0597222222223,6,3,29.6
2023-03-20,29.6,18.5,0.0,23.3,66.875,1008.6083333333332,5.558333333333334,0.0,29.0,26.8,33.8,28.400000000000006,30.342857142857145,75.5,1009.6986111111111,0,3,29.9
2023-03-21,29.9,16.9,0.0,23.520833333333332,58.625,1009.0583333333334,5.533333333333334,0.0,29.6,26.6,34.5,29.5,29.685714285714283,66.30555555555556,1009.0208333333334,1,3,30.9
2023-03-22,30.9,18.3,0.0,24.72083333333333,57.875,1009.4541666666668,7.104166666666667,0.0,29.9,29.0,34.8,30.133333333333336,29.12857142857143,61.125,1009.0402777777778,2,3,31.2
2023-03-23,31.2,18.8,0.0,25.099999999999998,58.958333333333336,1009.4083333333333,6.379166666666666,0.0,30.9,29.6,31.1,30.666666666666668,29.142857142857142,58.48611111111111,1009.3069444444445,3,3,32.3
2023-03-24,32.3,19.6,0.0,25.95,62.208333333333336,1009.775,5.704166666666667,0.0,31.2,29.9,26.8,31.46666666666667,29.928571428571427,59.68055555555555,1009.5458333333332,4,3,31.1
2023-03-25,31.1,20.9,0.7,26.03333333333333,69.41666666666667,1010.9583333333334,7.55,0.7,32.3,30.9,26.6,31.533333333333335,30.571428571428573,63.52777777777777,1010.0472222222221,5,3,33.2
2023-03-26,33.2,21.2,0.0,26.645833333333332,64.66666666666667,1010.0791666666668,6.816666666666666,0.0,31.1,31.2,29.0,32.2,31.171428571428574,65.43055555555556,1010.2708333333334,6,3,33.6
2023-03-27,33.6,20.8,0.0,26.545833333333334,55.166666666666664,1009.6875,9.479166666666666,0.0,33.2,32.3,29.6,32.63333333333333,31.74285714285714,63.08333333333332,1010.2416666666668,0,3,34.4
2023-03-28,34.4,20.6,0.0,27.1875,53.375,1009.3833333333333,7.558333333333334,0.0,33.6,31.1,29.9,33.73333333333334,32.385714285714286,57.73611111111111,1009.7166666666667,1,3,34.8
2023-03-29,34.8,21.0,0.0,27.8625,55.125,1010.1999999999999,9.862499999999999,0.0,34.4,33.2,30.9,34.266666666666666,32.94285714285714,54.55555555555555,1009.7569444444443,2,3,35.1
2023-03-30,35.1,21.3,0.0,28.47083333333333,49.375,1008.9,9.875,0.0,34.8,33.6,31.2,34.76666666666667,33.5,52.625,1009.4944444444444,3,3,33.6
2023-03-31,33.6,21.5,0.0,27.258333333333336,52.5,1008.5541666666667,8.104166666666666,0.0,35.1,34.4,32.3,34.5,33.68571428571429,52.333333333333336,1009.2180555555556,4,3,33.3
2023-04-01,33.3,21.2,0.0,27.141666666666666,52.125,1009.0708333333333,8.066666666666666,0.0,33.6,34.8,31.1,34.00000000000001,34.0,51.333333333333336,1008.8416666666667,5,4,33.4
2023-04-02,33.4,20.8,0.5,27.175,59.541666666666664,1009.0916666666667,5.179166666666666,0.5,33.3,35.1,33.2,33.43333333333334,34.028571428571425,54.72222222222222,1008.9055555555556,6,4,34.2
2023-04-03,34.2,21.4,0.0,27.933333333333334,54.333333333333336,1008.5166666666668,8.262500000000001,0.0,33.4,33.6,33.6,33.63333333333333,34.114285714285714,55.333333333333336,1008.8930555555556,0,4,35.1
2023-04-04,35.1,22.4,0.0,28.558333333333334,51.958333333333336,1009.4208333333332,8.254166666666666,0.0,34.2,33.3,34.4,34.233333333333334,34.214285714285715,55.27777777777777,1009.0097222222222,1,4,34.4
2023-04-05,34.4,21.4,0.0,28.645833333333332,52.416666666666664,1009.4166666666666,6.2250000000000005,0.0,35.1,33.4,34.8,34.56666666666667,34.15714285714286,52.90277777777777,1009.1180555555557,2,4,33.7
2023-04-06,33.7,22.5,2.5,27.474999999999998,56.625,1010.6625,8.058333333333334,2.5,34.4,34.2,35.1,34.400000000000006,33.957142857142856,53.66666666666666,1009.8333333333334,3,4,34.8
2023-04-07,34.8,22.9,1.5,26.895833333333332,62.166666666666664,1012.5083333333333,7.616666666666667,1.5,33.7,35.1,33.6,34.300000000000004,34.128571428571426,57.069444444444436,1010.8625000000001,4,4,33.3
2023-04-08,33.3,21.8,0.1,26.8625,57.375,1014.6541666666667,9.358333333333333,0.1,34.8,34.4,33.3,33.93333333333334,34.128571428571426,58.72222222222222,1012.6083333333332,5,4,34.4
2023-04-09,34.4,22.4,0.0,28.03333333333333,46.875,1014.2708333333334,7.675,0.0,33.3,33.7,33.4,34.166666666666664,34.27142857142857,55.47222222222222,1013.8111111111111,6,4,35.7
2023-04-10,35.7,21.4,0.0,28.208333333333332,37.708333333333336,1012.5666666666666,7.5,0.0,34.4,34.8,34.2,34.46666666666667,34.48571428571428,47.319444444444436,1013.8305555555556,0,4,36.6
2023-04-11,36.6,21.8,0.0,28.870833333333334,38.583333333333336,1012.1625,8.366666666666667,0.0,35.7,33.3,35.1,35.56666666666667,34.699999999999996,41.05555555555555,1013.0,1,4,37.1
2023-04-12,37.1,22.4,0.0,29.837500000000002,38.166666666666664,1011.3333333333334,7.070833333333333,0.0,36.6,34.4,34.4,36.46666666666667,35.08571428571429,38.15277777777777,1012.0208333333334,2,4,37.6
2023-04-13,37.6,23.5,0.0,30.650000000000002,37.291666666666664,1010.7583333333333,6.55,0.0,37.1,35.7,33.7,37.1,35.642857142857146,38.01388888888888,1011.4180555555555,3,4,37.0
2023-04-14,37.0,24.3,0.0,30.575,40.833333333333336,1010.6541666666667,7.116666666666667,0.0,37.6,36.6,34.8,37.23333333333334,35.957142857142856,38.763888888888886,1010.9152777777778,4,4,36.4
2023-04-15,36.4,24.0,0.0,29.758333333333336,40.583333333333336,1010.8874999999999,10.458333333333334,0.0,37.0,37.1,33.3,37.00000000000001,36.4,39.56944444444444,1010.7666666666665,5,4,36.5
2023-04-16,36.5,23.4,0.0,30.116666666666664,41.0,1009.025,6.3875,0.0,36.4,37.6,34.4,36.63333333333333,36.699999999999996,40.80555555555555,1010.1888888888889,6,4,37.0
2023-04-17,37.0,24.5,0.0,30.724999999999998,37.5,1008.9541666666668,5.658333333333334,0.0,36.5,37.0,35.7,36.63333333333333,36.885714285714286,39.694444444444436,1009.6222222222223,0,4,38.6
2023-04-18,38.6,24.9,0.0,31.162499999999998,30.958333333333332,1009.8375,7.7749999999999995,0.0,37.0,36.4,36.6,37.36666666666667,37.17142857142857,36.48611111111111,1009.2722222222222,1,4,38.0
2023-04-19,38.0,22.9,0.0,30.587500000000002,35.25,1007.85,6.329166666666667,0.0,38.6,36.5,37.1,37.86666666666667,37.300000000000004,34.569444444444436,1008.8805555555556,2,4,37.9
2023-04-20,37.9,24.2,0.0,30.991666666666664,34.416666666666664,1005.5916666666667,6.495833333333334,0.0,38.0,37.0,37.6,38.166666666666664,37.34285714285714,33.54166666666666,1007.7597222222222,3,4,35.0
2023-04-21,35.0,23.1,1.6,28.866666666666664,46.833333333333336,1006.9125,8.620833333333334,1.6,37.9,38.6,37.0,36.96666666666667,37.05714285714286,38.83333333333333,1006.7847222222223,4,4,35.1
2023-04-22,35.1,22.7,0.0,28.962500000000002,50.958333333333336,1005.9583333333334,7.4125000000000005,0.0,35.0,38.0,36.4,36.0,36.871428571428574,44.069444444444436,1006.1541666666667,5,4,35.0
2023-04-23,35.0,21.9,0.0,28.75,49.583333333333336,1006.2291666666666,7.5,0.0,35.1,37.9,36.5,35.03333333333333,36.65714285714286,49.125,1006.3666666666668,6,4,33.0
2023-04-24,33.0,23.6,4.2,27.983333333333334,65.45833333333333,1008.7875,10.141666666666667,4.2,35.0,35.0,37.0,34.36666666666667,36.08571428571428,55.333333333333336,1006.9916666666667,0,4,33.9
2023-04-25,33.9,23.9,16.2,27.625,68.25,1009.8041666666667,12.020833333333334,16.200000000000003,33.0,35.1,38.6,33.96666666666667,35.41428571428572,61.09722222222221,1008.2736111111111,1,4,32.2
2023-04-26,32.2,21.6,2.5,26.587500000000002,68.375,1009.7125,9.525,2.5,33.9,35.0,38.0,33.03333333333334,34.58571428571428,67.3611111111111,1009.4347222222223,2,4,30.3
2023-04-27,30.3,23.2,17.3,25.675,73.95833333333333,1010.2583333333333,7.25,17.3,32.2,33.0,37.9,32.13333333333333,33.5,70.19444444444444,1009.9250000000001,3,4,31.1
2023-04-28,31.1,22.0,0.5,26.833333333333332,68.45833333333333,1010.6541666666667,6.204166666666667,0.5,30.3,33.9,35.0,31.200000000000003,32.94285714285714,70.26388888888887,1010.2083333333334,4,4,30.2
2023-04-29,30.2,21.4,19.4,25.662499999999998,73.91666666666667,1010.2166666666667,8.179166666666667,19.4,31.1,32.2,35.1,30.533333333333335,32.24285714285714,72.1111111111111,1010.3763888888889,5,4,29.6
2023-04-30,29.6,21.6,17.7,24.729166666666668,78.91666666666667,1008.6458333333334,7.941666666666666,17.7,30.2,30.3,35.0,30.3,31.47142857142857,73.7638888888889,1009.838888888889,6,4,29.9
2023-05-01,29.9,20.0,9.9,24.416666666666668,79.70833333333333,1008.6875,8.333333333333334,9.9,29.6,31.1,33.0,29.900000000000002,31.02857142857143,77.51388888888889,1009.1833333333334,0,5,30.1
2023-05-02,30.1,22.3,7.0,24.90833333333333,80.25,1009.3291666666668,10.920833333333334,7.0,29.9,30.2,33.9,29.86666666666667,30.485714285714288,79.625,1008.8875000000002,1,5,30.4
2023-05-03,30.4,22.3,1.0,25.8125,75.125,1010.1416666666668,7.791666666666667,1.0,30.1,29.6,32.2,30.133333333333336,30.22857142857143,78.3611111111111,1009.3861111111111,2,5,31.4
2023-05-04,31.4,21.5,0.2,26.333333333333332,73.66666666666667,1009.3333333333334,6.05,0.2,30.4,29.9,30.3,30.633333333333336,30.385714285714283,76.34722222222223,1009.6013888888889,3,5,29.6
2023-05-05,29.6,21.1,8.7,25.133333333333336,77.79166666666667,1008.7916666666666,6.220833333333334,8.7,31.4,30.1,31.1,30.46666666666667,30.17142857142857,75.52777777777779,1009.4222222222223,4,5,32.0
2023-05-06,32.0,21.8,1.8,26.78333333333333,72.04166666666667,1007.8708333333334,5.558333333333334,1.8,29.6,30.4,30.2,31.0,30.428571428571427,74.5,1008.6652777777778,5,5,32.7
2023-05-07,32.7,24.6,0.0,28.145833333333332,67.66666666666667,1007.5833333333334,7.125,0.0,32.0,31.4,29.6,31.433333333333337,30.87142857142857,72.5,1008.0819444444445,6,5,34.1
2023-05-08,34.1,23.8,0.0,28.520833333333332,65.875,1007.0416666666666,5.870833333333334,0.0,32.7,29.6,29.9,32.93333333333334,31.471428571428568,68.52777777777777,1007.4986111111111,0,5,32.2
2023-05-09,32.2,23.9,4.3,27.358333333333334,76.75,1008.0958333333333,6.879166666666666,4.300000000000001,34.1,32.0,30.1,33.00000000000001,31.771428571428572,70.09722222222221,1007.5736111111111,1,5,33.4
2023-05-10,33.4,24.1,15.3,27.766666666666666,77.95833333333333,1007.3166666666666,5.9750000000000005,15.299999999999999,32.2,32.7,30.4,33.233333333333334,32.199999999999996,73.52777777777777,1007.4847222222221,2,5,36.2
2023-05-11,36.2,24.1,0.2,29.34583333333333,59.791666666666664,1007.5083333333333,7.1000000000000005,0.2,33.4,34.1,31.4,33.93333333333334,32.885714285714286,71.5,1007.6402777777779,3,5,37.4
2023-05-12,37.4,22.4,0.0,29.633333333333336,49.375,1006.7583333333333,8.15,0.0,36.2,32.2,29.6,35.666666666666664,34.00000000000001,62.375,1007.1944444444445,4,5,38.3
2023-05-13,38.3,22.4,0.0,29.849999999999998,44.875,1006.0708333333333,9.683333333333334,0.0,37.4,33.4,32.0,37.300000000000004,34.9,51.34722222222222,1006.7791666666667,5,5,37.8
2023-05-14,37.8,22.2,0.0,30.229166666666668,40.25,1004.9125,14.816666666666668,0.0,38.3,36.2,32.7,37.833333333333336,35.628571428571426,44.833333333333336,1005.9138888888889,6,5,37.3
2023-05-15,37.3,24.6,0.0,30.40833333333333,42.083333333333336,1006.2208333333333,12.4,0.0,37.8,37.4,34.1,37.800000000000004,36.08571428571428,42.40277777777778,1005.7347222222223,0,5,36.7
2023-05-16,36.7,23.9,0.0,29.641666666666666,42.833333333333336,1008.0916666666667,11.945833333333333,0.0,37.3,38.3,32.2,37.26666666666667,36.72857142857142,41.72222222222222,1006.4083333333333,1,5,36.6
2023-05-17,36.6,21.4,0.0,29.4375,45.875,1009.0291666666667,9.829166666666667,0.0,36.7,37.8,33.4,36.86666666666667,37.18571428571429,43.59722222222222,1007.7805555555556,2,5,36.9
2023-05-18,36.9,23.5,0.0,30.429166666666664,43.625,1009.4458333333333,6.9125000000000005,0.0,36.6,37.3,36.2,36.73333333333334,37.285714285714285,44.11111111111111,1008.8555555555555,3,5,37.7
2023-05-19,37.7,24.9,0.0,31.45,42.5,1008.2333333333332,7.3125,0.0,36.9,36.7,37.4,37.06666666666667,37.32857142857143,43.99999999999999,1008.9027777777778,4,5,36.5
2023-05-20,36.5,24.2,0.1,30.370833333333334,50.666666666666664,1007.9125,8.804166666666667,0.1,37.7,36.6,38.3,37.03333333333334,37.07142857142857,45.59722222222221,1008.5305555555556,5,5,36.9
2023-05-21,36.9,24.3,0.0,30.6125,49.291666666666664,1008.5708333333333,6.329166666666667,0.0,36.5,36.9,37.8,37.03333333333334,36.94285714285714,47.48611111111111,1008.2388888888889,6,5,36.2
2023-05-22,36.2,22.5,15.1,29.129166666666666,56.166666666666664,1010.1583333333333,8.866666666666667,15.100000000000001,36.9,37.7,37.3,36.53333333333334,36.785714285714285,52.04166666666666,1008.8805555555556,0,5,36.4
2023-05-23,36.4,23.5,0.0,30.34166666666667,47.041666666666664,1009.9708333333333,5.770833333333333,0.0,36.2,36.5,36.7,36.5,36.74285714285714,50.83333333333332,1009.5666666666666,1,5,36.4
2023-05-24,36.4,24.1,3.4,30.291666666666668,50.541666666666664,1008.9250000000001,9.295833333333333,3.4,36.4,36.9,36.6,36.333333333333336,36.714285714285715,51.25,1009.6847222222223,2,5,35.8
2023-05-25,35.8,25.7,1.0,30.354166666666668,52.25,1008.9499999999999,11.495833333333332,1.0,36.4,36.2,36.9,36.2,36.55714285714286,49.944444444444436,1009.2819444444444,3,5,36.2
2023-05-26,36.2,25.2,0.0,30.383333333333336,46.416666666666664,1009.4375,13.354166666666666,0.0,35.8,36.4,37.7,36.13333333333333,36.34285714285714,49.73611111111111,1009.1041666666666,4,5,36.1
2023-05-27,36.1,25.0,0.0,30.270833333333332,44.208333333333336,1008.0291666666667,11.362499999999999,0.0,36.2,36.4,36.5,36.03333333333333,36.285714285714285,47.625,1008.8055555555555,5,5,36.7
2023-05-28,36.7,24.2,0.0,30.695833333333336,44.416666666666664,1007.3458333333333,9.433333333333334,0.0,36.1,35.8,36.9,36.33333333333334,36.25714285714286,45.013888888888886,1008.2708333333334,6,5,35.8
2023-05-29,35.8,23.9,9.0,29.849999999999998,51.708333333333336,1008.1041666666666,7.679166666666667,9.0,36.7,36.2,36.2,36.199999999999996,36.2,46.77777777777777,1007.826388888889,0,5,33.9
2023-05-30,33.9,22.5,11.0,28.275000000000002,62.0,1009.1708333333332,7.9375,11.0,35.8,36.1,36.4,35.46666666666667,35.84285714285714,52.708333333333336,1008.2069444444445,1,5,37.1
2023-05-31,37.1,25.1,0.0,31.004166666666666,50.208333333333336,1007.5416666666666,9.5375,0.0,33.9,36.7,36.4,35.6,35.94285714285714,54.638888888888886,1008.2722222222222,2,5,38.0
2023-06-01,38.0,25.5,0.0,31.108333333333334,43.375,1006.3458333333333,9.887500000000001,0.0,37.1,35.8,35.8,36.333333333333336,36.25714285714286,51.86111111111111,1007.6861111111111,3,6,38.3
2023-06-02,38.3,26.2,0.0,31.545833333333334,39.125,1006.4458333333333,13.208333333333334,0.0,38.0,33.9,36.2,37.800000000000004,36.55714285714286,44.23611111111111,1006.7777777777778,4,6,37.6
2023-06-03,37.6,26.1,0.0,31.429166666666664,40.25,1006.275,10.7875,0.0,38.3,37.1,36.1,37.96666666666667,36.771428571428565,40.91666666666666,1006.3555555555555,5,6,34.7
2023-06-04,34.7,24.3,6.3,28.1125,63.458333333333336,1006.9416666666666,11.066666666666668,6.3,37.6,38.0,36.7,36.86666666666667,36.48571428571428,47.61111111111111,1006.5541666666667,6,6,35.0
2023-06-05,35.0,23.8,0.0,29.275000000000002,57.041666666666664,1006.1875,11.604166666666666,0.0,34.7,38.3,35.8,35.76666666666667,36.371428571428574,53.58333333333332,1006.4680555555556,0,6,35.1
2023-06-06,35.1,25.8,1.9,29.59166666666667,55.541666666666664,1005.5666666666666,13.424999999999999,1.9,35.0,37.6,33.9,34.93333333333334,36.542857142857144,58.68055555555554,1006.2319444444444,1,6,37.0
2023-06-07,37.0,27.1,0.1,31.233333333333334,49.291666666666664,1005.3625000000001,12.495833333333332,0.1,35.1,34.7,37.1,35.699999999999996,36.52857142857143,53.95833333333332,1005.7055555555556,2,6,36.6
2023-06-08,36.6,27.7,0.0,31.208333333333332,49.083333333333336,1005.5708333333333,15.424999999999999,0.0,37.0,35.0,38.0,36.233333333333334,36.32857142857143,51.30555555555555,1005.5,3,6,37.1
2023-06-09,37.1,26.9,0.0,31.087500000000002,50.708333333333336,1004.0375,16.983333333333334,0.0,36.6,35.1,38.3,36.900000000000006,36.15714285714286,49.694444444444436,1004.9902777777778,4,6,36.8
2023-06-10,36.8,27.0,0.3,31.03333333333333,50.666666666666664,1004.0708333333333,16.116666666666667,0.30000000000000004,37.1,37.0,37.6,36.833333333333336,36.042857142857144,50.15277777777777,1004.5597222222223,5,6,35.0
2023-06-11,35.0,27.1,0.0,30.354166666666668,55.416666666666664,1004.4333333333334,14.816666666666668,0.0,36.8,36.6,34.7,36.300000000000004,36.08571428571429,52.263888888888886,1004.1805555555557,6,6,36.1
2023-06-12,36.1,26.9,0.0,30.633333333333336,51.458333333333336,1004.0749999999999,13.995833333333332,0.0,35.0,37.1,35.0,35.96666666666667,36.24285714285715,52.51388888888888,1004.1930555555556,0,6,36.8
2023-06-13,36.8,26.9,0.0,31.15833333333333,45.125,1004.6166666666667,16.104166666666668,0.0,36.1,36.8,35.1,35.96666666666667,36.48571428571428,50.666666666666664,1004.375,1,6,36.6
2023-06-14,36.6,26.9,0.0,31.21666666666667,45.541666666666664,1006.1625,17.17083333333333,0.0,36.8,35.0,37.0,36.5,36.42857142857143,47.375,1004.9513888888888,2,6,36.3
2023-06-15,36.3,26.9,0.0,31.166666666666668,45.708333333333336,1006.475,16.858333333333334,0.0,36.6,36.1,36.6,36.56666666666667,36.385714285714286,45.458333333333336,1005.7513888888889,3,6,36.8
2023-06-16,36.8,27.2,0.0,31.545833333333334,42.5,1005.4375,15.283333333333333,0.0,36.3,36.8,37.1,36.56666666666666,36.34285714285714,44.583333333333336,1006.025,4,6,36.7
2023-06-17,36.7,27.3,0.0,31.40833333333333,47.166666666666664,1005.6666666666666,16.2,0.0,36.8,36.6,36.8,36.6,36.32857142857143,45.125,1005.8597222222223,5,6,36.5
2023-06-18,36.5,28.0,0.0,31.65833333333333,46.375,1005.3458333333333,14.325000000000001,0.0,36.7,36.3,35.0,36.666666666666664,36.54285714285714,45.34722222222222,1005.4833333333332,6,6,36.4
2023-06-19,36.4,27.9,0.1,31.412499999999998,47.791666666666664,1004.2208333333333,11.320833333333333,0.1,36.5,36.8,36.1,36.53333333333334,36.58571428571429,47.11111111111111,1005.0777777777777,0,6,36.2
2023-06-20,36.2,27.3,0.4,31.058333333333334,51.125,1003.4666666666667,10.466666666666667,0.4,36.4,36.7,36.8,36.36666666666667,36.5,48.43055555555555,1004.3444444444444,1,6,35.4
2023-06-21,35.4,24.4,9.3,29.520833333333332,60.291666666666664,1004.4916666666667,13.191666666666668,9.3,36.2,36.5,36.6,36.0,36.32857142857143,53.069444444444436,1004.0597222222223,2,6,34.3
2023-06-22,34.3,24.4,4.7,27.729166666666668,72.16666666666667,1005.5416666666666,13.179166666666667,4.7,35.4,36.4,36.3,35.300000000000004,36.042857142857144,61.194444444444436,1004.5,3,6,33.2
2023-06-23,33.2,24.4,11.2,27.125,72.45833333333333,1005.5083333333333,11.616666666666667,11.2,34.3,36.2,36.8,34.300000000000004,35.528571428571425,68.30555555555556,1005.1805555555557,4,6,29.3
2023-06-24,29.3,23.6,16.5,25.825,80.875,1005.0791666666668,12.683333333333332,16.5,33.2,35.4,36.7,32.26666666666667,34.471428571428575,75.16666666666667,1005.3763888888889,5,6,31.6
2023-06-25,31.6,23.4,3.9,26.570833333333336,75.79166666666667,1004.35,18.154166666666665,3.9000000000000004,29.3,34.3,36.5,31.36666666666667,33.77142857142857,76.375,1004.9791666666666,6,6,30.6
2023-06-26,30.6,24.0,3.1,25.712500000000002,81.5,1005.4708333333333,17.55,3.1,31.6,33.2,36.4,30.500000000000004,32.94285714285714,79.3888888888889,1004.9666666666667,0,6,31.9
2023-06-27,31.9,24.1,1.0,27.004166666666666,71.375,1005.2375000000001,18.229166666666668,1.0,30.6,29.3,36.2,31.36666666666667,32.32857142857143,76.22222222222223,1005.0194444444445,1,6,31.5
2023-06-28,31.5,23.7,1.6,26.995833333333334,71.83333333333333,1006.625,17.2625,1.6,31.9,31.6,35.4,31.333333333333332,31.771428571428572,74.90277777777777,1005.7777777777778,2,6,32.1
2023-06-29,32.1,23.9,0.1,27.675,67.20833333333333,1006.7791666666667,18.420833333333334,0.1,31.5,30.6,34.3,31.83333333333334,31.457142857142856,70.13888888888887,1006.213888888889,3,6,32.3
2023-06-30,32.3,23.8,0.3,27.679166666666664,65.66666666666667,1006.5708333333333,20.5125,0.30000000000000004,32.1,31.9,33.2,31.96666666666667,31.32857142857143,68.2361111111111,1006.6583333333333,4,6,33.1
2023-07-01,33.1,24.6,0.3,28.537499999999998,64.04166666666667,1006.8625000000001,18.208333333333332,0.30000000000000004,32.3,31.5,29.3,32.5,31.87142857142857,65.6388888888889,1006.7375000000001,5,7,33.1
2023-07-02,33.1,24.2,0.8,28.229166666666668,67.29166666666667,1006.15,16.3875,0.7999999999999999,33.1,32.1,31.6,32.833333333333336,32.08571428571429,65.66666666666667,1006.5277777777777,6,7,32.7
2023-07-03,32.7,23.7,1.9,27.729166666666668,71.75,1004.7541666666666,14.4375,1.9,33.1,32.3,30.6,32.966666666666676,32.385714285714286,67.69444444444444,1005.9222222222221,0,7,32.7
2023-07-04,32.7,25.0,0.2,28.316666666666666,69.33333333333333,1002.4791666666666,12.704166666666666,0.2,32.7,33.1,31.9,32.833333333333336,32.5,69.45833333333333,1004.4611111111111,1,7,30.2
2023-07-05,30.2,23.6,3.3,26.587500000000002,76.54166666666667,1001.3625000000001,13.741666666666667,3.3,32.7,33.1,31.5,31.866666666666674,32.31428571428572,72.54166666666666,1002.8652777777778,2,7,28.0
2023-07-06,28.0,23.6,10.9,24.895833333333332,85.20833333333333,1003.6999999999999,17.662499999999998,10.9,30.2,32.7,32.1,30.300000000000008,31.72857142857143,77.02777777777777,1002.5138888888888,3,7,29.8
2023-07-07,29.8,22.9,2.9,26.295833333333334,73.625,1005.5166666666668,20.808333333333334,2.9,28.0,32.7,32.3,29.33333333333334,31.371428571428574,78.45833333333333,1003.526388888889,4,7,31.0
2023-07-08,31.0,23.8,0.8,26.325,74.83333333333333,1006.8833333333333,18.983333333333334,0.8,29.8,30.2,33.1,29.600000000000005,31.071428571428573,77.88888888888887,1005.3666666666667,5,7,31.2
2023-07-09,31.2,23.7,1.2,26.854166666666668,73.625,1007.1750000000001,16.283333333333335,1.2,31.0,28.0,33.1,30.66666666666667,30.8,74.02777777777777,1006.5250000000001,6,7,30.4
2023-07-10,30.4,24.7,0.1,27.025000000000002,68.70833333333333,1006.8958333333334,15.016666666666667,0.1,31.2,29.8,32.7,30.86666666666667,30.47142857142857,72.38888888888887,1006.9847222222223,0,7,29.2
2023-07-11,29.2,24.4,0.0,26.224999999999998,70.95833333333333,1006.725,13.9,0.0,30.4,31.0,32.7,30.26666666666667,29.97142857142857,71.09722222222221,1006.9319444444445,1,7,30.7
2023-07-12,30.7,23.7,1.8,26.525000000000002,72.45833333333333,1005.725,12.920833333333334,1.8,29.2,31.2,30.2,30.100000000000005,30.04285714285714,70.70833333333331,1006.4486111111111,2,7,31.5
2023-07-13,31.5,23.3,0.7,27.03333333333333,73.29166666666667,1005.65,12.054166666666667,0.7,30.7,30.4,28.0,30.466666666666672,30.54285714285714,72.2361111111111,1006.0333333333333,3,7,31.4
2023-07-14,31.4,23.1,1.4,26.754166666666666,75.54166666666667,1006.7958333333332,13.9125,1.4000000000000001,31.5,29.2,29.8,31.200000000000003,30.771428571428572,73.7638888888889,1006.0569444444444,4,7,30.5
2023-07-15,30.5,23.7,0.9,26.670833333333334,72.25,1006.9708333333333,17.366666666666667,0.8999999999999999,31.4,30.7,31.0,31.133333333333336,30.699999999999996,73.69444444444444,1006.4722222222222,5,7,27.3
2023-07-16,27.3,23.7,7.0,25.09583333333333,82.5,1006.5708333333333,15.866666666666667,7.0,30.5,31.5,31.2,29.733333333333338,30.142857142857142,76.76388888888887,1006.7791666666666,6,7,29.2
2023-07-17,29.2,23.1,6.4,24.925,82.45833333333333,1005.2708333333334,20.1875,6.4,27.3,31.4,30.4,29.000000000000004,29.971428571428568,79.06944444444444,1006.2708333333334,0,7,25.7
2023-07-18,25.7,22.6,29.1,23.72083333333333,88.33333333333333,1003.7333333333332,23.84583333333333,29.1,29.2,30.5,29.2,27.400000000000006,29.47142857142857,84.43055555555554,1005.1916666666666,1,7,26.4
2023-07-19,26.4,22.3,28.8,23.775000000000002,88.375,1001.5916666666667,26.474999999999998,28.8,25.7,27.3,30.7,27.100000000000005,28.857142857142858,86.38888888888887,1003.5319444444444,2,7,24.1
2023-07-20,24.1,22.4,28.9,23.15833333333333,91.83333333333333,1002.1083333333332,24.52916666666667,28.9,26.4,29.2,31.5,25.400000000000006,27.800000000000004,89.51388888888887,1002.4777777777776,3,7,27.5
2023-07-21,27.5,22.6,17.8,24.46666666666667,86.125,1003.3708333333334,24.2625,17.8,24.1,25.7,31.4,26.000000000000004,27.24285714285714,88.77777777777777,1002.3569444444444,4,7,28.7
2023-07-22,28.7,23.0,4.0,24.775000000000002,84.125,1004.5291666666667,22.1125,4.0,27.5,26.4,30.5,26.76666666666667,26.985714285714288,87.3611111111111,1003.3361111111111,5,7,28.5
2023-07-23,28.5,23.2,17.4,24.75833333333333,85.58333333333333,1005.1208333333334,19.720833333333335,17.4,28.7,24.1,27.3,28.233333333333338,27.157142857142855,85.27777777777777,1004.3402777777778,6,7,27.9
2023-07-24,27.9,22.9,9.9,24.587500000000002,86.625,1004.8958333333334,19.17083333333333,9.9,28.5,27.5,29.2,28.36666666666667,26.97142857142857,85.44444444444444,1004.8486111111112,0,7,27.4
2023-07-25,27.4,22.6,16.1,24.291666666666668,87.29166666666667,1004.9333333333334,22.433333333333334,16.1,27.9,28.7,25.7,27.933333333333337,27.214285714285715,86.5,1004.9833333333335,1,7,26.9
2023-07-26,26.9,22.9,23.8,24.104166666666668,87.0,1005.3041666666667,22.754166666666666,23.8,27.4,28.5,26.4,27.400000000000002,27.285714285714285,86.97222222222221,1005.0444444444446,2,7,24.1
2023-07-27,24.1,22.5,82.7,23.1125,90.45833333333333,1005.1291666666666,26.5,82.7,26.9,27.9,24.1,26.13333333333334,27.28571428571428,88.25,1005.1222222222223,3,7,29.4
2023-07-28,29.4,22.8,0.8,25.27916666666667,79.04166666666667,1005.6458333333334,24.933333333333334,0.8,24.1,27.4,27.5,26.8,27.557142857142857,85.5,1005.3597222222221,4,7,29.8
2023-07-29,29.8,23.2,0.8,25.675,77.91666666666667,1006.4833333333332,21.666666666666668,0.7999999999999999,29.4,26.9,28.7,27.76666666666667,27.714285714285715,82.47222222222221,1005.7527777777777,5,7,30.0
2023-07-30,30.0,22.9,2.9,25.858333333333334,76.58333333333333,1006.3249999999999,20.787499999999998,2.9000000000000004,29.8,24.1,28.5,29.733333333333338,27.928571428571427,77.84722222222221,1006.1513888888888,6,7,27.8
2023-07-31,27.8,23.6,1.1,25.583333333333332,79.16666666666667,1006.1,19.545833333333334,1.1,30.0,29.4,27.9,29.200000000000006,27.91428571428571,77.8888888888889,1006.3027777777778,0,7,28.9
2023-08-01,28.9,23.5,1.6,25.916666666666668,77.66666666666667,1005.725,22.383333333333336,1.6,27.8,29.8,27.4,28.900000000000006,28.12857142857143,77.80555555555556,1006.0500000000001,1,8,28.7
2023-08-02,28.7,23.4,0.2,25.804166666666664,75.16666666666667,1006.1750000000001,23.275000000000002,0.2,28.9,30.0,26.9,28.46666666666667,28.385714285714283,77.33333333333333,1006.0,2,8,29.5
2023-08-03,29.5,23.0,0.7,25.758333333333336,74.91666666666667,1005.9625,23.129166666666666,0.7000000000000001,28.7,27.8,24.1,29.033333333333342,29.157142857142862,75.91666666666667,1005.9541666666668,3,8,30.0
2023-08-04,30.0,22.7,1.7,26.02916666666667,75.70833333333333,1007.8916666666668,18.537499999999998,1.7000000000000002,29.5,28.9,29.4,29.400000000000006,29.24285714285714,75.26388888888887,1006.6763888888889,4,8,30.7
2023-08-05,30.7,22.8,0.4,26.34583333333333,74.29166666666667,1009.5666666666666,18.045833333333334,0.4,30.0,28.7,29.8,30.066666666666674,29.37142857142857,74.97222222222221,1007.8069444444444,5,8,30.5
2023-08-06,30.5,22.9,0.4,26.354166666666668,73.33333333333333,1008.6374999999999,18.683333333333334,0.4,30.7,29.5,30.0,30.400000000000006,29.442857142857143,74.44444444444444,1008.6986111111111,6,8,30.0
2023-08-07,30.0,23.1,0.3,26.125,71.75,1007.0583333333334,17.95,0.30000000000000004,30.5,30.0,27.8,30.400000000000006,29.75714285714286,73.125,1008.4208333333332,0,8,29.9
2023-08-08,29.9,22.8,0.0,26.1375,71.58333333333333,1007.65,14.375,0.0,30.0,30.7,28.9,30.133333333333336,29.900000000000002,72.22222222222221,1007.7819444444444,1,8,30.6
2023-08-09,30.6,23.3,0.4,26.458333333333332,75.79166666666667,1009.4958333333334,11.8125,0.4,29.9,30.5,28.7,30.16666666666667,30.171428571428574,73.04166666666667,1008.0680555555556,2,8,30.8
2023-08-10,30.8,23.4,0.7,26.670833333333334,74.58333333333333,1009.9041666666667,10.504166666666666,0.7000000000000001,30.6,30.0,29.5,30.433333333333337,30.357142857142858,73.9861111111111,1009.0166666666668,3,8,30.7
2023-08-11,30.7,23.1,0.3,26.78333333333333,73.70833333333333,1009.1333333333333,9.270833333333334,0.30000000000000004,30.8,29.9,30.0,30.700000000000006,30.457142857142856,74.69444444444444,1009.5111111111111,4,8,31.2
2023-08-12,31.2,23.8,0.1,26.837500000000002,70.41666666666667,1008.5333333333333,11.612499999999999,0.1,30.7,30.6,30.7,30.900000000000006,30.52857142857143,72.90277777777777,1009.1902777777777,5,8,30.6
2023-08-13,30.6,23.6,0.0,26.858333333333334,68.0,1007.8291666666668,12.9375,0.0,31.2,30.8,30.5,30.83333333333334,30.542857142857144,70.70833333333333,1008.4986111111111,6,8,30.8
2023-08-14,30.8,23.6,0.1,26.766666666666666,69.75,1008.4791666666666,11.1875,0.1,30.6,30.7,30.0,30.86666666666667,30.657142857142855,69.38888888888889,1008.2805555555556,0,8,30.3
2023-08-15,30.3,23.2,3.8,26.241666666666664,71.625,1008.9666666666667,11.299999999999999,3.8,30.8,31.2,29.9,30.566666666666674,30.714285714285715,69.79166666666667,1008.4250000000001,1,8,29.5
2023-08-16,29.5,23.4,3.8,26.116666666666664,72.58333333333333,1008.8874999999999,12.329166666666666,3.8,30.3,30.6,30.6,30.200000000000006,30.557142857142857,71.31944444444444,1008.7777777777777,2,8,29.6
2023-08-17,29.6,23.8,0.9,26.304166666666664,71.25,1008.1541666666667,13.245833333333332,0.8999999999999999,29.5,30.8,30.8,29.800000000000008,30.38571428571429,71.81944444444444,1008.6694444444444,3,8,28.5
2023-08-18,28.5,23.4,3.3,25.1375,76.29166666666667,1006.7583333333333,15.387500000000001,3.3000000000000003,29.6,30.3,30.7,29.200000000000006,30.071428571428573,73.375,1007.9333333333334,4,8,27.2
2023-08-19,27.2,22.3,5.2,24.1875,84.75,1006.0375,18.125,5.2,28.5,29.5,31.2,28.433333333333337,29.5,77.43055555555556,1006.9833333333335,5,8,29.9
2023-08-20,29.9,22.0,1.4,25.40416666666667,80.16666666666667,1006.3833333333333,14.170833333333334,1.4000000000000001,27.2,29.6,30.6,28.533333333333335,29.4,80.40277777777777,1006.3930555555556,6,8,30.4
2023-08-21,30.4,22.8,0.0,26.05,74.875,1006.8458333333333,11.5,0.0,29.9,28.5,30.8,29.16666666666667,29.342857142857145,79.93055555555554,1006.4222222222221,0,8,29.8
2023-08-22,29.8,22.7,2.0,26.02916666666667,78.20833333333333,1006.9666666666667,9.129166666666666,2.0,30.4,27.2,30.3,30.033333333333335,29.27142857142857,77.74999999999999,1006.7319444444444,1,8,30.6
2023-08-23,30.6,23.3,0.0,26.608333333333334,74.375,1006.8874999999999,10.445833333333333,0.0,29.8,29.9,29.5,30.26666666666667,29.428571428571427,75.81944444444444,1006.9,2,8,31.1
2023-08-24,31.1,23.6,0.3,26.77916666666667,67.58333333333333,1006.5124999999999,12.170833333333334,0.30000000000000004,30.6,30.4,29.6,30.500000000000004,29.642857142857142,73.38888888888887,1006.7888888888889,3,8,31.4
2023-08-25,31.4,24.2,4.4,26.96666666666667,71.5,1006.9708333333333,13.570833333333333,4.4,31.1,29.8,28.5,31.033333333333342,30.057142857142857,71.15277777777777,1006.7902777777778,4,8,31.0
2023-08-26,31.0,22.7,0.7,26.320833333333336,77.5,1008.2208333333333,13.075000000000001,0.7000000000000001,31.4,30.6,27.2,31.16666666666667,30.6,72.19444444444444,1007.2347222222221,5,8,31.6
2023-08-27,31.6,23.3,0.0,26.925,72.0,1008.5583333333334,12.933333333333335,0.0,31.0,31.1,29.9,31.33333333333334,30.842857142857145,73.66666666666667,1007.9166666666666,6,8,31.2
2023-08-28,31.2,23.5,0.6,26.333333333333332,72.95833333333333,1008.2166666666667,13.775,0.6000000000000001,31.6,31.4,30.4,31.26666666666667,30.957142857142856,74.15277777777777,1008.3319444444445,0,8,30.5
2023-08-29,30.5,22.6,0.5,25.954166666666666,77.875,1008.0958333333333,9.983333333333333,0.5,31.2,31.0,29.8,31.100000000000005,31.057142857142853,74.27777777777777,1008.2902777777778,1,8,31.3
2023-08-30,31.3,22.0,0.1,26.4375,72.0,1008.3000000000001,8.9375,0.1,30.5,31.6,30.6,31.000000000000004,31.157142857142855,74.27777777777777,1008.2041666666668,2,8,31.8
2023-08-31,31.8,22.3,0.0,27.004166666666666,68.75,1008.3000000000001,8.995833333333334,0.0,31.3,31.2,31.1,31.200000000000003,31.25714285714286,72.875,1008.2319444444444,3,8,32.4
2023-09-01,32.4,22.6,8.9,26.691666666666666,75.95833333333333,1008.4541666666668,6.495833333333334,8.9,31.8,30.5,31.4,31.83333333333334,31.400000000000002,72.2361111111111,1008.3513888888889,4,9,31.1
2023-09-02,31.1,22.7,23.3,26.483333333333334,79.70833333333333,1007.7333333333332,8.6,23.3,32.4,31.3,31.0,31.76666666666667,31.414285714285715,74.80555555555556,1008.1625,5,9,29.2
2023-09-03,29.2,22.8,27.9,24.816666666666666,88.75,1006.5458333333332,11.016666666666666,27.9,31.1,31.8,31.6,30.900000000000006,31.071428571428573,81.47222222222221,1007.5777777777777,6,9,24.7
2023-09-04,24.7,22.3,30.0,23.541666666666668,93.5,1004.8083333333334,14.741666666666667,30.0,29.2,32.4,31.2,28.33333333333334,30.142857142857142,87.31944444444444,1006.3624999999998,0,9,26.3
2023-09-05,26.3,22.0,27.0,23.520833333333332,90.79166666666667,1003.9083333333333,17.25,27.0,24.7,31.1,30.5,26.733333333333338,29.542857142857144,91.0138888888889,1005.0875,1,9,27.8
2023-09-06,27.8,22.5,9.7,25.045833333333334,83.66666666666667,1004.2125,16.025000000000002,9.7,26.3,29.2,31.3,26.26666666666667,29.042857142857144,89.31944444444446,1004.3097222222223,2,9,29.2
2023-09-07,29.2,23.0,1.7,25.337500000000002,81.29166666666667,1004.725,18.220833333333335,1.7,27.8,24.7,31.8,27.76666666666667,28.67142857142857,85.25,1004.2819444444444,3,9,28.8
2023-09-08,28.8,23.1,8.5,25.379166666666666,79.83333333333333,1005.5583333333334,20.079166666666666,8.5,29.2,26.3,32.4,28.600000000000005,28.157142857142862,81.59722222222221,1004.8319444444445,4,9,29.5
2023-09-09,29.5,23.1,3.3,25.47083333333333,82.33333333333333,1005.3874999999999,17.95,3.3000000000000003,28.8,27.8,31.1,29.16666666666667,27.928571428571427,81.15277777777777,1005.2236111111112,5,9,29.3
2023-09-10,29.3,22.8,14.1,25.204166666666666,85.08333333333333,1005.275,15.779166666666667,14.1,29.5,29.2,29.2,29.200000000000003,27.942857142857143,82.41666666666666,1005.4069444444444,6,9,29.4
2023-09-11,29.4,23.2,0.0,25.900000000000002,79.16666666666667,1005.7583333333333,14.529166666666667,0.0,29.3,28.8,24.7,29.400000000000006,28.61428571428571,82.19444444444444,1005.4736111111112,0,9,29.6
2023-09-12,29.6,22.6,0.2,25.75,79.25,1006.4375,15.058333333333335,0.2,29.4,29.5,26.3,29.433333333333337,29.085714285714285,81.16666666666667,1005.8236111111111,1,9,29.9
2023-09-13,29.9,22.9,0.2,25.84583333333333,75.25,1006.3916666666668,13.670833333333334,0.2,29.6,29.3,27.8,29.63333333333334,29.385714285714283,77.8888888888889,1006.1958333333333,2,9,28.5
2023-09-14,28.5,23.8,0.1,25.625,77.125,1006.1875,14.541666666666666,0.1,29.9,29.4,29.2,29.33333333333334,29.285714285714285,77.20833333333333,1006.338888888889,3,9,29.8
2023-09-15,29.8,23.6,0.1,26.09583333333333,70.70833333333333,1006.0416666666666,14.9,0.1,28.5,29.6,28.8,29.400000000000006,29.428571428571427,74.3611111111111,1006.2069444444445,4,9,29.6
2023-09-16,29.6,23.6,1.1,26.0125,76.125,1006.7333333333332,14.929166666666667,1.1,29.8,29.9,29.5,29.3,29.442857142857143,74.65277777777777,1006.3208333333332,5,9,29.7
2023-09-17,29.7,22.8,0.1,25.883333333333336,76.58333333333333,1006.7375000000001,12.5875,0.1,29.6,28.5,29.3,29.700000000000003,29.5,74.47222222222221,1006.5041666666666,6,9,30.8
2023-09-18,30.8,23.2,0.7,26.520833333333332,73.41666666666667,1006.7208333333333,11.941666666666668,0.7,29.7,29.8,29.4,30.033333333333342,29.7,75.375,1006.7305555555555,0,9,31.3
2023-09-19,31.3,23.4,0.0,26.7,72.66666666666667,1008.0416666666666,11.920833333333334,0.0,30.8,29.6,29.6,30.600000000000005,29.942857142857147,74.22222222222223,1007.1666666666666,1,9,31.0
2023-09-20,31.0,24.1,3.2,26.666666666666668,75.16666666666667,1008.2583333333333,11.9,3.1999999999999997,31.3,29.7,29.9,31.033333333333335,30.1,73.75,1007.673611111111,2,9,29.6
2023-09-21,29.6,23.0,3.8,25.625,83.58333333333333,1008.5875,8.570833333333333,3.8,31.0,30.8,28.5,30.63333333333334,30.25714285714286,77.13888888888887,1008.2958333333332,3,9,29.1
2023-09-22,29.1,22.7,1.9,25.09583333333333,85.66666666666667,1008.6833333333334,8.179166666666667,1.9000000000000001,29.6,31.3,29.8,29.900000000000006,30.157142857142855,81.47222222222221,1008.5097222222222,4,9,29.4
2023-09-23,29.4,22.7,8.2,25.416666666666668,85.16666666666667,1008.9250000000001,8.783333333333333,8.2,29.1,31.0,29.6,29.366666666666674,30.12857142857143,84.80555555555556,1008.7319444444444,5,9,28.4
2023-09-24,28.4,22.1,3.1,24.883333333333336,86.875,1008.6208333333334,11.016666666666666,3.1,29.4,29.6,29.7,28.96666666666667,29.942857142857147,85.90277777777777,1008.7430555555557,6,9,29.1
2023-09-25,29.1,22.5,3.3,24.837500000000002,86.125,1007.7458333333334,10.670833333333334,3.3000000000000003,28.4,29.1,30.8,28.966666666666672,29.7,86.05555555555554,1008.4305555555557,0,9,30.0
2023-09-26,30.0,22.4,7.7,25.454166666666666,83.83333333333333,1007.3458333333333,6.308333333333334,7.7,29.1,29.4,31.3,29.16666666666667,29.514285714285712,85.6111111111111,1007.9041666666667,1,9,30.1
2023-09-27,30.1,22.2,5.7,25.604166666666668,86.66666666666667,1007.3708333333334,4.316666666666666,5.7,30.0,28.4,31.0,29.733333333333338,29.385714285714283,85.54166666666667,1007.4875000000001,2,9,30.9
2023-09-28,30.9,22.2,17.0,25.620833333333334,86.125,1007.1374999999999,6.591666666666666,17.0,30.1,29.1,29.6,30.33333333333334,29.571428571428573,85.54166666666667,1007.2847222222222,3,9,30.2
2023-09-29,30.2,22.4,30.9,25.429166666666664,86.16666666666667,1007.2833333333333,7.2375,30.9,30.9,30.0,29.1,30.400000000000006,29.728571428571428,86.31944444444446,1007.2638888888888,4,9,30.0
2023-09-30,30.0,21.9,1.9,25.479166666666668,83.5,1007.4666666666667,9.508333333333333,1.9,30.2,30.1,29.4,30.366666666666674,29.814285714285713,85.26388888888889,1007.2958333333332,5,9,30.2
2023-10-01,30.2,22.6,6.9,25.645833333333332,82.0,1006.7583333333333,10.525,6.8999999999999995,30.0,30.9,28.4,30.133333333333336,30.071428571428573,83.88888888888889,1007.1694444444444,6,10,30.5
2023-10-02,30.5,22.8,0.8,26.21666666666667,79.125,1006.9,11.583333333333334,0.8,30.2,30.2,29.1,30.233333333333338,30.271428571428572,81.54166666666667,1007.0416666666666,0,10,31.4
2023-10-03,31.4,24.6,0.0,27.025000000000002,73.20833333333333,1008.2583333333333,11.320833333333333,0.0,30.5,30.0,30.0,30.700000000000003,30.471428571428568,78.1111111111111,1007.3055555555557,1,10,31.4
2023-10-04,31.4,23.2,0.0,26.795833333333334,63.166666666666664,1009.6333333333333,9.487499999999999,0.0,31.4,30.2,30.1,31.100000000000005,30.657142857142855,71.83333333333333,1008.2638888888888,2,10,31.5
2023-10-05,31.5,21.5,0.0,25.708333333333332,59.583333333333336,1009.6166666666667,9.25,0.0,31.4,30.5,30.9,31.433333333333337,30.74285714285714,65.31944444444444,1009.1694444444444,3,10,31.6
2023-10-06,31.6,20.9,0.0,25.3,62.75,1008.9291666666667,10.158333333333333,0.0,31.5,31.4,30.2,31.500000000000004,30.942857142857143,61.833333333333336,1009.3930555555556,4,10,31.9
2023-10-07,31.9,20.8,0.0,25.858333333333334,61.375,1009.4458333333333,9.458333333333334,0.0,31.6,31.4,30.0,31.66666666666667,31.214285714285715,61.23611111111111,1009.3305555555556,5,10,31.9
2023-10-08,31.9,19.9,0.0,26.041666666666668,62.875,1010.9125,6.991666666666667,0.0,31.9,31.5,30.2,31.8,31.457142857142856,62.333333333333336,1009.7624999999999,6,10,32.6
2023-10-09,32.6,20.8,0.0,26.570833333333336,66.20833333333333,1012.1166666666667,6.670833333333333,0.0,31.9,31.6,30.5,32.13333333333334,31.757142857142856,63.48611111111111,1010.8249999999999,0,10,32.0
2023-10-10,32.0,21.7,24.6,25.954166666666666,72.0,1012.3166666666666,6.791666666666667,24.6,32.6,31.9,31.4,32.16666666666667,31.842857142857145,67.02777777777777,1011.7819444444444,1,10,33.4
2023-10-11,33.4,20.6,0.0,26.641666666666666,65.375,1011.7041666666668,7.0375000000000005,0.0,32.0,31.9,31.4,32.66666666666668,32.128571428571426,67.8611111111111,1012.0458333333335,2,10,32.6
2023-10-12,32.6,21.6,0.0,26.770833333333332,58.791666666666664,1012.85,8.5625,0.0,33.4,32.6,31.5,32.66666666666667,32.285714285714285,65.38888888888889,1012.2902777777778,3,10,32.4
2023-10-13,32.4,21.2,0.0,26.650000000000002,60.375,1013.7958333333332,7.0,0.0,32.6,32.0,31.6,32.800000000000004,32.4,61.513888888888886,1012.7833333333333,4,10,32.0
2023-10-14,32.0,22.7,0.0,26.8875,59.791666666666664,1013.5,6.9875,0.0,32.4,33.4,31.9,32.333333333333336,32.41428571428572,59.65277777777777,1013.3819444444443,5,10,32.3
2023-10-15,32.3,21.6,0.0,26.708333333333332,60.375,1011.8958333333334,6.5,0.0,32.0,32.6,31.9,32.23333333333334,32.47142857142857,60.18055555555555,1013.0638888888889,6,10,31.0
2023-10-16,31.0,22.4,0.8,26.583333333333332,61.958333333333336,1012.0166666666668,6.179166666666667,0.8,32.3,32.4,32.6,31.76666666666667,32.24285714285714,60.708333333333336,1012.4708333333334,0,10,31.4
2023-10-17,31.4,21.5,0.2,26.420833333333334,61.958333333333336,1013.1750000000001,6.5625,0.2,31.0,32.0,32.0,31.566666666666674,32.15714285714286,61.43055555555555,1012.3625000000002,1,10,31.4
2023-10-18,31.4,22.0,0.1,26.166666666666668,62.458333333333336,1013.75,6.745833333333334,0.1,31.4,32.3,33.4,31.26666666666667,31.87142857142857,62.125,1012.9805555555555,2,10,32.6
2023-10-19,32.6,20.1,0.0,26.333333333333332,60.541666666666664,1013.6750000000001,8.375,0.0,31.4,31.0,32.6,31.8,31.87142857142857,61.65277777777777,1013.5333333333333,3,10,32.3
2023-10-20,32.3,20.7,0.0,26.391666666666666,59.416666666666664,1013.7541666666666,9.045833333333333,0.0,32.6,31.4,32.4,32.1,31.857142857142858,60.80555555555555,1013.7263888888889,4,10,31.1
2023-10-21,31.1,20.8,0.0,25.675,62.416666666666664,1014.2916666666666,8.725,0.0,32.3,31.4,32.0,32.00000000000001,31.728571428571428,60.79166666666666,1013.9069444444444,5,10,31.5
2023-10-22,31.5,20.2,0.0,25.183333333333334,48.875,1014.3708333333334,10.316666666666666,0.0,31.1,32.6,32.3,31.633333333333336,31.614285714285717,56.90277777777777,1014.1388888888888,6,10,30.7
2023-10-23,30.7,18.4,0.0,24.349999999999998,49.875,1012.9458333333333,9.995833333333334,0.0,31.5,32.3,31.0,31.100000000000005,31.571428571428573,53.72222222222222,1013.8694444444444,0,10,30.7
2023-10-24,30.7,16.6,0.0,23.745833333333334,52.291666666666664,1013.0416666666666,10.083333333333334,0.0,30.7,31.1,31.4,30.96666666666667,31.47142857142857,50.34722222222222,1013.4527777777779,1,10,30.9
2023-10-25,30.9,17.1,0.0,23.916666666666668,51.333333333333336,1014.4499999999999,10.016666666666667,0.0,30.7,31.5,31.4,30.76666666666667,31.4,51.166666666666664,1013.4791666666666,2,10,30.2
2023-10-26,30.2,17.3,0.0,23.641666666666666,48.583333333333336,1014.6916666666666,10.841666666666667,0.0,30.9,30.7,32.6,30.600000000000005,31.057142857142857,50.73611111111111,1014.0611111111111,3,10,30.6
2023-10-27,30.6,16.6,0.0,23.891666666666666,44.0,1013.4250000000001,10.75,0.0,30.2,30.7,32.3,30.566666666666674,30.814285714285717,47.97222222222222,1014.1888888888889,4,10,30.9
2023-10-28,30.9,17.0,0.1,24.458333333333332,56.25,1013.3791666666666,6.3999999999999995,0.1,30.6,30.9,31.1,30.566666666666674,30.785714285714285,49.61111111111111,1013.8319444444445,5,10,31.1
2023-10-29,31.1,20.2,1.8,25.125,74.29166666666667,1013.3083333333334,6.991666666666667,1.8,30.9,30.2,31.5,30.86666666666667,30.728571428571428,58.18055555555555,1013.3708333333334,6,10,29.6
2023-10-30,29.6,19.9,0.3,24.541666666666668,76.5,1013.3000000000001,5.608333333333333,0.30000000000000004,31.1,30.6,30.7,30.533333333333342,30.571428571428573,69.01388888888889,1013.3291666666668,0,10,29.9
2023-10-31,29.9,20.2,0.0,24.795833333333334,70.29166666666667,1013.7624999999999,7.429166666666667,0.0,29.6,30.9,30.7,30.200000000000003,30.45714285714286,73.69444444444444,1013.4569444444445,1,10,30.7
2023-11-01,30.7,20.1,0.0,24.866666666666664,67.83333333333333,1014.0625,6.420833333333333,0.0,29.9,31.1,30.9,30.066666666666674,30.428571428571427,71.54166666666667,1013.7083333333334,2,11,30.5
2023-11-02,30.5,19.9,4.5,24.5625,75.25,1013.4,6.7875000000000005,4.5,30.7,29.6,30.2,30.36666666666667,30.471428571428568,71.125,1013.7416666666667,3,11,30.8
2023-11-03,30.8,20.4,1.9,24.691666666666666,80.75,1011.8958333333334,6.345833333333334,1.9,30.5,29.9,30.6,30.66666666666667,30.5,74.6111111111111,1013.1194444444445,4,11,30.0
2023-11-04,30.0,20.4,1.7,25.045833333333334,77.33333333333333,1011.8583333333332,7.6499999999999995,1.7,30.8,30.7,30.9,30.433333333333337,30.37142857142857,77.77777777777777,1012.3847222222222,5,11,30.1
2023-11-05,30.1,20.1,0.0,25.05,74.375,1013.0791666666668,8.225,0.0,30.0,30.5,31.1,30.300000000000008,30.228571428571428,77.4861111111111,1012.2777777777777,6,11,30.2
2023-11-06,30.2,21.3,6.5,24.53333333333333,82.29166666666667,1014.4958333333334,9.241666666666667,6.5,30.1,30.8,29.6,30.100000000000005,30.314285714285713,78.0,1013.1444444444445,0,11,29.5
2023-11-07,29.5,21.0,8.3,24.079166666666666,83.45833333333333,1014.5375,7.7375,8.3,30.2,30.0,29.9,29.933333333333337,30.25714285714286,80.04166666666667,1014.0375,1,11,29.6
2023-11-08,29.6,21.2,9.0,24.129166666666666,86.0,1014.2583333333333,6.658333333333334,9.0,29.5,30.1,30.7,29.76666666666667,30.1,83.91666666666667,1014.4305555555557,2,11,28.9
2023-11-09,28.9,20.9,0.0,24.295833333333334,75.29166666666667,1014.6708333333332,6.3374999999999995,0.0,29.6,30.2,30.5,29.33333333333334,29.871428571428574,81.58333333333333,1014.4888888888889,3,11,29.4
2023-11-10,29.4,20.7,0.0,24.4875,68.54166666666667,1015.6750000000001,7.8875,0.0,28.9,29.5,30.8,29.3,29.67142857142857,76.61111111111113,1014.8680555555557,4,11,29.7
2023-11-11,29.7,19.1,0.0,24.25,65.16666666666667,1016.1416666666668,6.8999999999999995,0.0,29.4,29.6,30.0,29.33333333333334,29.62857142857143,69.66666666666667,1015.4958333333334,5,11,30.7
2023-11-12,30.7,19.9,0.0,24.8,64.0,1015.9,6.9624999999999995,0.0,29.7,28.9,30.1,29.933333333333337,29.714285714285715,65.90277777777779,1015.9055555555557,6,11,30.0
2023-11-13,30.0,18.8,0.0,24.412499999999998,63.708333333333336,1015.4333333333334,6.720833333333334,0.0,30.7,29.4,30.2,30.133333333333336,29.685714285714287,64.29166666666667,1015.8250000000002,0,11,29.7
2023-11-14,29.7,19.2,0.0,24.2625,68.16666666666667,1014.7624999999999,6.295833333333333,0.0,30.0,29.7,29.5,30.133333333333336,29.714285714285715,65.29166666666667,1015.3652777777778,1,11,29.4
2023-11-15,29.4,18.5,0.0,23.8,63.875,1014.1374999999999,7.816666666666666,0.0,29.7,30.7,29.6,29.700000000000003,29.685714285714283,65.25,1014.7777777777777,2,11,29.5
2023-11-16,29.5,18.8,0.0,23.629166666666666,59.25,1014.0208333333334,8.35,0.0,29.4,30.0,28.9,29.533333333333335,29.77142857142857,63.763888888888886,1014.3069444444444,3,11,29.8
2023-11-17,29.8,18.2,0.0,23.620833333333334,64.45833333333333,1014.1791666666667,6.4875,0.0,29.5,29.7,29.4,29.566666666666674,29.82857142857143,62.52777777777777,1014.1125000000001,4,11,29.7
2023-11-18,29.7,18.5,0.0,24.02916666666667,69.79166666666667,1014.1833333333334,7.704166666666667,0.0,29.8,29.4,29.7,29.66666666666667,29.828571428571426,64.5,1014.1277777777777,5,11,29.8
2023-11-19,29.8,18.9,0.0,24.058333333333334,69.83333333333333,1014.6166666666667,8.674999999999999,0.0,29.7,29.5,30.7,29.76666666666667,29.7,68.02777777777777,1014.3263888888888,6,11,29.9
2023-11-20,29.9,18.5,0.0,24.058333333333334,63.875,1014.4416666666666,7.7625,0.0,29.8,29.8,30.0,29.8,29.685714285714287,67.83333333333333,1014.4138888888889,0,11,28.8
2023-11-21,28.8,19.5,0.9,24.245833333333334,73.91666666666667,1014.0083333333333,8.804166666666667,0.9,29.9,29.7,29.7,29.500000000000004,29.557142857142857,69.20833333333333,1014.3555555555555,1,11,29.0
2023-11-22,29.0,19.5,0.9,24.229166666666668,79.04166666666667,1013.2583333333333,7.7625,0.9,28.8,29.8,29.4,29.233333333333338,29.5,72.27777777777779,1013.9027777777777,2,11,27.6
2023-11-23,27.6,20.3,1.2,23.275000000000002,85.75,1012.7458333333334,9.5625,1.2,29.0,29.9,29.5,28.466666666666672,29.228571428571428,79.56944444444446,1013.3375,3,11,27.1
2023-11-24,27.1,20.5,7.2,23.008333333333336,86.33333333333333,1013.1583333333333,11.154166666666667,7.2,27.6,28.8,29.8,27.900000000000006,28.842857142857145,83.70833333333333,1013.0541666666667,4,11,28.6
2023-11-25,28.6,19.8,0.0,23.579166666666666,77.5,1014.7916666666666,10.483333333333333,0.0,27.1,29.0,29.7,27.766666666666676,28.685714285714287,83.19444444444444,1013.5652777777777,5,11,28.4
2023-11-26,28.4,20.7,0.2,23.974999999999998,77.125,1015.1791666666667,11.862499999999999,0.2,28.6,27.6,29.8,28.033333333333335,28.485714285714288,80.31944444444444,1014.3763888888889,6,11,29.0
2023-11-27,29.0,19.7,0.0,23.883333333333336,71.625,1013.8166666666666,10.625,0.0,28.4,27.1,29.9,28.66666666666667,28.357142857142858,75.41666666666667,1014.5958333333333,0,11,29.5
2023-11-28,29.5,20.1,5.9,23.491666666666664,77.70833333333333,1012.725,9.229166666666666,5.9,29.0,28.6,28.8,28.96666666666667,28.45714285714286,75.4861111111111,1013.9069444444444,1,11,28.9
2023-11-29,28.9,20.0,0.8,23.9375,71.375,1013.3625000000001,11.191666666666668,0.8,29.5,28.4,29.0,29.13333333333334,28.442857142857143,73.56944444444444,1013.3013888888889,2,11,29.3
2023-11-30,29.3,20.2,0.0,24.15416666666667,72.75,1013.8458333333333,11.225,0.0,28.9,29.0,27.6,29.233333333333338,28.685714285714287,73.94444444444444,1013.3111111111111,3,11,29.2
2023-12-01,29.2,19.2,0.0,23.47083333333333,65.95833333333333,1013.2958333333332,8.225,0.0,29.3,29.5,27.1,29.13333333333334,28.985714285714284,70.02777777777779,1013.5013888888889,4,12,29.7
2023-12-02,29.7,17.9,0.0,23.691666666666666,65.20833333333333,1012.3166666666666,9.195833333333333,0.0,29.2,28.9,28.6,29.400000000000006,29.142857142857142,67.97222222222221,1013.1527777777777,5,12,30.2
2023-12-03,30.2,19.4,0.0,24.483333333333334,66.08333333333333,1012.2624999999999,9.608333333333333,0.0,29.7,29.3,28.4,29.700000000000003,29.4,65.74999999999999,1012.6249999999999,6,12,28.0
2023-12-04,28.0,20.8,1.0,23.8,71.0,1010.9583333333334,11.445833333333333,1.0,30.2,29.2,29.0,29.3,29.257142857142856,67.43055555555556,1011.8458333333333,0,12,25.5
2023-12-05,25.5,20.6,6.2,22.254166666666666,85.625,1009.1333333333333,17.45416666666667,6.2,28.0,29.7,29.5,27.900000000000006,28.685714285714283,74.2361111111111,1010.7847222222222,1,12,28.8
2023-12-06,28.8,19.5,3.1,22.745833333333334,81.20833333333333,1010.3375,12.433333333333332,3.1,25.5,30.2,28.9,27.433333333333337,28.671428571428574,79.27777777777777,1010.1430555555556,2,12,27.9
2023-12-07,27.9,18.6,0.0,22.308333333333334,81.70833333333333,1012.4583333333334,6.0375000000000005,0.0,28.8,28.0,29.3,27.400000000000006,28.47142857142857,82.84722222222221,1010.6430555555556,3,12,28.2
2023-12-08,28.2,16.7,0.0,22.21666666666667,75.16666666666667,1013.4625,6.045833333333333,0.0,27.9,25.5,29.2,28.3,28.32857142857143,79.3611111111111,1012.0861111111111,4,12,28.6
2023-12-09,28.6,17.2,0.0,22.675,69.625,1014.7583333333333,6.9624999999999995,0.0,28.2,28.8,29.7,28.233333333333338,28.17142857142857,75.5,1013.5597222222223,5,12,28.4
2023-12-10,28.4,16.8,0.0,22.150000000000002,63.583333333333336,1013.9666666666667,7.6125,0.0,28.6,27.9,30.2,28.400000000000006,27.914285714285715,69.45833333333333,1014.0625,6,12,27.6
2023-12-11,27.6,16.2,0.0,21.537499999999998,63.041666666666664,1014.3666666666667,6.816666666666666,0.0,28.4,28.2,28.0,28.200000000000003,27.857142857142858,65.41666666666667,1014.3638888888889,0,12,27.5
2023-12-12,27.5,15.7,0.0,21.229166666666668,64.16666666666667,1013.4625,7.816666666666666,0.0,27.6,28.6,25.5,27.83333333333334,28.142857142857142,63.59722222222223,1013.9319444444445,1,12,27.3
2023-12-13,27.3,15.7,0.0,21.233333333333334,65.58333333333333,1014.3708333333334,7.908333333333334,0.0,27.5,28.4,28.8,27.46666666666667,27.928571428571427,64.26388888888889,1014.0666666666667,2,12,26.4
2023-12-14,26.4,16.1,0.0,20.7625,67.29166666666667,1016.0749999999999,7.55,0.0,27.3,27.6,27.9,27.066666666666674,27.714285714285715,65.68055555555556,1014.6361111111111,3,12,26.7
2023-12-15,26.7,16.0,0.0,21.337500000000002,67.91666666666667,1016.4708333333333,7.141666666666667,0.0,26.4,27.5,28.2,26.800000000000008,27.5,66.93055555555556,1015.6388888888888,4,12,26.6
2023-12-16,26.6,17.1,0.0,22.099999999999998,75.29166666666667,1015.5666666666666,5.245833333333334,0.0,26.7,27.3,28.6,26.566666666666674,27.214285714285715,70.16666666666667,1016.0374999999999,5,12,27.3
2023-12-17,27.3,17.7,0.0,22.479166666666668,63.708333333333336,1015.2083333333334,8.391666666666667,0.0,26.6,26.4,28.4,26.866666666666674,27.057142857142857,68.97222222222221,1015.7486111111111,6,12,27.1
2023-12-18,27.1,17.2,0.0,21.629166666666666,58.291666666666664,1016.3125,8.975,0.0,27.3,26.7,27.6,27.000000000000004,26.985714285714288,65.7638888888889,1015.6958333333333,0,12,26.8
2023-12-19,26.8,16.8,0.0,21.212500000000002,57.958333333333336,1016.9833333333332,9.329166666666667,0.0,27.1,26.6,27.5,27.066666666666674,26.88571428571429,59.986111111111114,1016.1680555555555,1,12,26.9
2023-12-20,26.9,15.9,0.0,20.474999999999998,56.208333333333336,1016.8375,7.491666666666666,0.0,26.8,27.3,27.3,26.933333333333337,26.828571428571426,57.48611111111111,1016.7111111111111,2,12,27.9
2023-12-21,27.9,13.8,0.0,20.408333333333335,55.75,1015.8833333333333,7.1000000000000005,0.0,26.9,27.1,26.4,27.200000000000003,27.04285714285714,56.63888888888889,1016.5680555555555,3,12,28.1
2023-12-22,28.1,13.2,0.0,20.55,60.833333333333336,1015.7083333333334,5.425,0.0,27.9,26.8,26.7,27.63333333333334,27.24285714285714,57.59722222222222,1016.1430555555556,4,12,28.2
2023-12-23,28.2,16.5,0.0,21.337500000000002,65.54166666666667,1016.5583333333334,7.120833333333334,0.0,28.1,26.9,26.6,28.066666666666674,27.47142857142857,60.708333333333336,1016.0500000000001,5,12,28.4
2023-12-24,28.4,16.1,0.0,21.258333333333333,69.04166666666667,1018.1999999999999,6.629166666666666,0.0,28.2,27.9,27.3,28.233333333333338,27.628571428571426,65.1388888888889,1016.8222222222222,6,12,28.3
2023-12-25,28.3,16.4,0.0,21.354166666666668,73.66666666666667,1017.5708333333333,6.195833333333333,0.0,28.4,28.1,27.1,28.3,27.8,69.41666666666667,1017.4430555555555,0,12,29.3
2023-12-26,29.3,16.7,0.0,21.679166666666664,67.79166666666667,1017.2666666666668,6.979166666666667,0.0,28.3,28.2,26.8,28.66666666666667,28.157142857142855,70.16666666666667,1017.6791666666667,1,12,28.3
2023-12-27,28.3,16.9,0.0,21.770833333333332,67.41666666666667,1017.85,7.633333333333333,0.0,29.3,28.4,26.9,28.63333333333334,28.357142857142858,69.62500000000001,1017.5625,2,12,27.5
2023-12-28,27.5,15.4,0.0,21.304166666666667,73.25,1016.6958333333333,8.4125,0.0,28.3,28.3,27.9,28.366666666666674,28.3,69.48611111111113,1017.2708333333334,3,12,27.5
2023-12-29,27.5,14.3,0.0,20.6875,72.875,1016.8375,8.716666666666667,0.0,27.5,29.3,28.1,27.76666666666667,28.214285714285715,71.18055555555556,1017.1277777777777,4,12,28.0
2023-12-30,28.0,14.7,0.0,21.2625,67.16666666666667,1016.0124999999999,7.145833333333333,0.0,27.5,28.3,28.2,27.66666666666667,28.185714285714283,71.09722222222223,1016.5152777777779,5,12,27.9
2023-12-31,27.9,15.1,0.0,20.841666666666665,70.20833333333333,1015.35,8.1,0.0,28.0,27.5,28.4,27.800000000000008,28.11428571428571,70.08333333333333,1016.0666666666666,6,12,27.7
2024-01-01,27.7,14.7,0.0,20.970833333333335,71.54166666666667,1015.6708333333332,8.041666666666666,0.0,27.9,27.5,28.3,27.866666666666674,28.02857142857143,69.6388888888889,1015.6777777777776,0,1,27.3
2024-01-02,27.3,14.6,0.0,20.537499999999998,73.625,1014.9625,8.820833333333333,0.0,27.7,28.0,29.3,27.63333333333334,27.74285714285714,71.79166666666667,1015.3277777777777,1,1,27.1
2024-01-03,27.1,17.1,0.0,21.47083333333333,70.20833333333333,1014.5124999999999,10.879166666666668,0.0,27.3,27.9,28.3,27.36666666666667,27.571428571428573,71.79166666666667,1015.048611111111,2,1,27.7
2024-01-04,27.7,18.2,0.0,21.95,69.70833333333333,1014.35,11.995833333333332,0.0,27.1,27.7,27.5,27.366666666666674,27.6,71.18055555555556,1014.6083333333332,3,1,27.6
2024-01-05,27.6,17.0,0.0,21.287499999999998,67.875,1014.5124999999999,11.125,0.0,27.7,27.3,27.5,27.466666666666672,27.614285714285717,69.2638888888889,1014.4583333333334,4,1,27.9
2024-01-06,27.9,16.9,0.0,21.275000000000002,70.08333333333333,1014.9083333333333,11.979166666666666,0.0,27.6,27.1,28.0,27.733333333333338,27.6,69.22222222222223,1014.5902777777777,5,1,27.0
2024-01-07,27.0,17.5,0.0,21.0125,70.5,1015.7166666666667,11.683333333333332,0.0,27.9,27.7,27.9,27.500000000000004,27.47142857142857,69.48611111111113,1015.0458333333332,6,1,27.4
2024-01-08,27.4,16.5,0.0,21.587500000000002,66.125,1016.15,12.8125,0.0,27.0,27.6,27.7,27.433333333333337,27.428571428571427,68.90277777777779,1015.5916666666667,0,1,28.3
2024-01-09,28.3,17.0,0.0,21.983333333333334,61.625,1016.1083333333332,11.120833333333332,0.0,27.4,27.9,27.3,27.566666666666674,27.571428571428573,66.08333333333333,1015.9916666666667,1,1,26.0
2024-01-10,26.0,17.6,0.5,21.78333333333333,69.08333333333333,1015.8166666666666,7.308333333333334,0.5,28.3,27.0,27.1,27.233333333333338,27.414285714285715,65.61111111111111,1016.025,2,1,29.5
2024-01-11,29.5,17.7,0.0,23.270833333333332,62.75,1015.725,6.770833333333333,0.0,26.0,27.4,27.7,27.933333333333337,27.67142857142857,64.48611111111111,1015.8833333333332,3,1,30.0
2024-01-12,30.0,18.6,0.0,23.558333333333334,65.375,1015.1875,7.570833333333333,0.0,29.5,28.3,27.6,28.500000000000004,28.014285714285712,65.73611111111111,1015.5763888888888,4,1,30.0
2024-01-13,30.0,17.6,0.0,23.441666666666666,68.70833333333333,1015.4333333333334,6.295833333333333,0.0,30.0,26.0,27.9,29.83333333333334,28.314285714285713,65.6111111111111,1015.4486111111111,5,1,30.3
2024-01-14,30.3,17.6,0.0,23.650000000000002,60.333333333333336,1014.5833333333334,5.429166666666667,0.0,30.0,29.5,27.0,30.100000000000005,28.785714285714285,64.80555555555556,1015.0680555555556,6,1,29.2
2024-01-15,29.2,17.3,0.0,23.5,58.125,1013.8291666666668,4.5874999999999995,0.0,30.3,30.0,27.4,29.83333333333334,29.042857142857144,62.38888888888889,1014.6152777777779,0,1,29.8
2024-01-16,29.8,18.3,0.0,23.741666666666664,62.833333333333336,1012.3041666666667,7.058333333333334,0.0,29.2,30.0,28.3,29.76666666666667,29.25714285714286,60.430555555555564,1013.5722222222224,1,1,29.8
2024-01-17,29.8,17.7,0.0,23.59166666666667,63.041666666666664,1012.0374999999999,9.375,0.0,29.8,30.3,26.0,29.600000000000005,29.8,61.333333333333336,1012.7236111111112,2,1,28.6
2024-01-18,28.6,18.1,0.0,22.84583333333333,61.875,1013.1583333333333,8.354166666666666,0.0,29.8,29.2,29.5,29.400000000000006,29.671428571428574,62.583333333333336,1012.5,3,1,29.9
2024-01-19,29.9,17.0,0.0,23.77916666666667,59.875,1013.2708333333334,7.229166666666667,0.0,28.6,29.8,30.0,29.433333333333337,29.657142857142855,61.59722222222223,1012.8222222222222,4,1,29.0
2024-01-20,29.0,18.9,0.0,23.491666666666664,60.916666666666664,1014.3249999999999,10.6625,0.0,29.9,29.8,30.0,29.16666666666667,29.514285714285712,60.88888888888889,1013.5847222222222,5,1,30.1
2024-01-21,30.1,18.2,0.0,23.933333333333334,59.958333333333336,1014.2458333333334,6.791666666666667,0.0,29.0,28.6,30.3,29.66666666666667,29.485714285714288,60.25000000000001,1013.9472222222222,6,1,31.0
2024-01-22,31.0,20.3,0.0,24.59583333333333,61.166666666666664,1014.8958333333334,7.433333333333334,0.0,30.1,29.9,29.2,30.033333333333342,29.742857142857144,60.680555555555564,1014.4888888888889,0,1,30.7
2024-01-23,30.7,19.0,0.0,24.729166666666668,61.583333333333336,1014.0458333333332,10.658333333333333,0.0,31.0,29.0,29.8,30.600000000000005,29.87142857142857,60.90277777777778,1014.3958333333334,1,1,29.6
2024-01-24,29.6,19.2,0.0,24.391666666666666,65.125,1014.1541666666667,7.291666666666667,0.0,30.7,30.1,29.8,30.433333333333337,29.842857142857145,62.625,1014.3652777777778,2,1,28.3
2024-01-25,28.3,18.1,0.0,22.766666666666666,69.83333333333333,1016.3958333333334,6.825,0.0,29.6,31.0,28.6,29.533333333333335,29.8,65.5138888888889,1014.8652777777778,3,1,29.6
2024-01-26,29.6,17.8,0.0,23.145833333333332,66.5,1017.6791666666667,7.520833333333333,0.0,28.3,30.7,29.9,29.16666666666667,29.75714285714286,67.15277777777777,1016.076388888889,4,1,29.0
2024-01-27,29.0,17.5,0.0,22.724999999999998,68.16666666666667,1018.2208333333333,8.191666666666666,0.0,29.6,29.6,29.0,28.966666666666672,29.75714285714286,68.16666666666667,1017.4319444444445,5,1,29.1
2024-01-28,29.1,16.4,0.0,22.3875,60.083333333333336,1017.5500000000001,8.658333333333333,0.0,29.0,28.3,30.1,29.233333333333338,29.61428571428571,64.91666666666667,1017.8166666666666,6,1,29.2
2024-01-29,29.2,15.9,0.0,22.241666666666664,63.875,1016.8708333333334,7.979166666666667,0.0,29.1,29.6,31.0,29.100000000000005,29.357142857142858,64.04166666666667,1017.5472222222223,0,1,29.3
2024-01-30,29.3,16.6,0.0,22.5625,62.75,1015.7916666666666,8.25,0.0,29.2,29.0,30.7,29.200000000000003,29.157142857142855,62.236111111111114,1016.7375000000001,1,1,30.8
2024-01-31,30.8,16.8,0.0,23.170833333333334,55.0,1015.0291666666667,7.925,0.0,29.3,29.1,29.6,29.76666666666667,29.32857142857143,60.541666666666664,1015.8972222222222,2,1,31.1
2024-02-01,31.1,18.3,0.0,23.925,57.166666666666664,1014.6916666666666,9.6625,0.0,30.8,29.2,28.3,30.400000000000006,29.728571428571428,58.30555555555555,1015.1708333333332,3,2,30.8
2024-02-02,30.8,17.1,0.0,24.150000000000002,60.208333333333336,1014.8249999999999,5.8125,0.0,31.1,29.3,29.6,30.900000000000006,29.900000000000002,57.458333333333336,1014.848611111111,4,2,29.9
2024-02-03,29.9,19.4,0.2,24.462500000000002,67.04166666666667,1016.2291666666666,9.229166666666666,0.2,30.8,30.8,29.0,30.600000000000005,30.028571428571432,61.47222222222222,1015.2486111111111,5,2,31.3
2024-02-04,31.3,20.4,0.0,25.258333333333336,60.666666666666664,1017.0041666666666,7.216666666666666,0.0,29.9,31.1,29.1,30.66666666666667,30.342857142857145,62.638888888888886,1016.0194444444445,6,2,32.4
2024-02-05,32.4,19.0,0.0,25.804166666666664,59.291666666666664,1016.875,6.054166666666667,0.0,31.3,30.8,29.2,31.200000000000006,30.8,62.333333333333336,1016.7027777777779,0,2,32.8
2024-02-06,32.8,20.2,0.0,26.55,54.25,1016.3291666666668,6.25,0.0,32.4,29.9,29.3,32.166666666666664,31.300000000000004,58.069444444444436,1016.7361111111112,1,2,33.4
2024-02-07,33.4,20.3,0.0,26.8,54.458333333333336,1015.8916666666668,6.045833333333333,0.0,32.8,31.3,30.8,32.86666666666667,31.67142857142857,56.0,1016.3652777777779,2,2,33.1
2024-02-08,33.1,20.6,0.0,26.71666666666667,52.333333333333336,1015.3208333333333,6.375,0.0,33.4,32.4,31.1,33.1,31.957142857142856,53.680555555555564,1015.8472222222223,3,2,32.4
2024-02-09,32.4,19.3,0.0,25.745833333333334,49.291666666666664,1015.65,8.291666666666666,0.0,33.1,32.8,30.8,32.96666666666667,32.18571428571428,52.02777777777778,1015.6208333333334,4,2,32.3
2024-02-10,32.3,20.5,0.0,25.84166666666667,62.041666666666664,1016.6208333333334,12.170833333333334,0.0,32.4,33.4,29.9,32.6,32.528571428571425,54.55555555555555,1015.8638888888889,5,2,32.7
2024-02-11,32.7,19.8,0.0,25.854166666666668,60.916666666666664,1016.8375,12.4,0.0,32.3,33.1,31.3,32.466666666666676,32.72857142857143,57.416666666666664,1016.3694444444445,6,2,32.0
2024-02-12,32.0,19.0,0.0,24.97083333333333,57.791666666666664,1016.85,11.941666666666668,0.0,32.7,32.4,32.4,32.333333333333336,32.67142857142857,60.25,1016.7694444444445,0,2,32.3
2024-02-13,32.3,18.0,0.0,24.670833333333334,54.458333333333336,1016.5749999999999,11.416666666666666,0.0,32.0,32.3,32.8,32.333333333333336,32.6,57.72222222222222,1016.7541666666666,1,2,32.6
2024-02-14,32.6,18.9,0.0,25.0125,53.208333333333336,1015.6374999999999,10.229166666666666,0.0,32.3,32.7,33.4,32.300000000000004,32.48571428571429,55.15277777777778,1016.3541666666666,2,2,32.3
2024-02-15,32.3,18.2,0.0,24.808333333333334,49.041666666666664,1015.6374999999999,10.454166666666667,0.0,32.6,32.0,33.1,32.400000000000006,32.371428571428574,52.236111111111114,1015.9499999999999,3,2,32.0
2024-02-16,32.0,16.7,0.0,24.037499999999998,43.333333333333336,1016.6625,10.4375,0.0,32.3,32.3,32.4,32.300000000000004,32.31428571428571,48.52777777777777,1015.9791666666666,4,2,33.0
2024-02-17,33.0,17.2,0.0,24.65833333333333,35.5,1014.5625,8.570833333333333,0.0,32.0,32.6,32.3,32.43333333333334,32.41428571428571,42.625,1015.6208333333334,5,2,33.5
2024-02-18,33.5,17.7,0.0,25.795833333333334,32.458333333333336,1012.9333333333334,8.566666666666666,0.0,33.0,32.3,32.7,32.833333333333336,32.528571428571425,37.09722222222223,1014.7194444444445,6,2,33.6
2024-02-19,33.6,18.5,0.0,26.15833333333333,37.541666666666664,1013.2333333333332,8.9125,0.0,33.5,32.0,32.0,33.36666666666667,32.75714285714286,35.166666666666664,1013.5763888888888,0,2,33.4
2024-02-20,33.4,19.7,0.0,26.708333333333332,39.666666666666664,1012.8541666666666,8.379166666666666,0.0,33.6,33.0,32.3,33.50000000000001,32.91428571428571,36.55555555555555,1013.0069444444443,1,2,33.3
2024-02-21,33.3,19.9,0.0,26.8,39.208333333333336,1011.4,9.416666666666666,0.0,33.4,33.5,32.6,33.43333333333334,33.01428571428571,38.80555555555555,1012.4958333333333,2,2,33.0
2024-02-22,33.0,19.0,0.0,25.941666666666666,39.416666666666664,1011.6458333333334,7.758333333333333,0.0,33.3,33.6,32.3,33.23333333333334,33.114285714285714,39.43055555555555,1011.9666666666667,3,2,32.6
2024-02-23,32.6,19.3,0.0,25.670833333333334,42.375,1012.0958333333333,8.15,0.0,33.0,33.4,32.0,32.96666666666667,33.2,40.333333333333336,1011.7138888888888,4,2,33.7
2024-02-24,33.7,18.7,0.1,26.808333333333334,59.0,1011.5791666666668,9.1875,0.1,32.6,33.3,33.0,33.10000000000001,33.3,46.93055555555555,1011.7736111111111,5,2,32.0
2024-02-25,32.0,22.3,0.4,26.34166666666667,67.0,1012.275,11.158333333333333,0.4,33.7,33.0,33.5,32.76666666666667,33.08571428571429,56.125,1011.9833333333332,6,2,32.3
2024-02-26,32.3,20.7,0.1,26.125,60.916666666666664,1013.2916666666666,15.362499999999999,0.1,32.0,32.6,33.6,32.66666666666667,32.9,62.30555555555555,1012.3819444444445,0,2,33.4
2024-02-27,33.4,19.6,0.0,26.120833333333334,56.375,1013.9541666666668,10.995833333333332,0.0,32.3,33.7,33.4,32.56666666666667,32.9,61.43055555555555,1013.173611111111,1,2,32.9
2024-02-28,32.9,20.3,0.0,25.675,48.375,1013.3208333333333,8.129166666666666,0.0,33.4,32.0,33.3,32.86666666666667,32.84285714285714,55.22222222222222,1013.5222222222222,2,2,33.7
2024-02-29,33.7,19.7,0.0,26.15416666666667,44.916666666666664,1013.4458333333333,8.887500000000001,0.0,32.9,32.3,33.0,33.333333333333336,32.94285714285714,49.88888888888889,1013.5736111111113,3,2,34.3
2024-03-01,34.3,20.3,0.0,27.079166666666666,43.958333333333336,1013.7708333333334,10.225,0.0,33.7,33.4,32.6,33.63333333333334,33.18571428571429,45.75,1013.5124999999999,4,3,35.4
2024-03-02,35.4,20.7,0.0,28.075,38.125,1012.3916666666668,10.316666666666666,0.0,34.3,32.9,33.7,34.46666666666667,33.42857142857143,42.333333333333336,1013.2027777777779,5,3,35.1
2024-03-03,35.1,21.4,0.0,27.995833333333334,42.041666666666664,1011.6458333333334,9.195833333333333,0.0,35.4,33.7,32.0,34.93333333333334,33.871428571428574,41.375,1012.6027777777778,6,3,34.8
2024-03-04,34.8,21.1,0.0,27.925,46.291666666666664,1011.8625000000001,9.095833333333333,0.0,35.1,34.3,32.3,35.1,34.22857142857143,42.15277777777777,1011.9666666666667,0,3,34.6
2024-03-05,34.6,20.9,0.0,27.791666666666668,43.333333333333336,1012.3416666666667,7.179166666666667,0.0,34.8,35.4,33.4,34.833333333333336,34.4,43.888888888888886,1011.9500000000002,1,3,36.3
2024-03-06,36.3,23.0,0.0,29.316666666666666,41.708333333333336,1011.35,8.979166666666666,0.0,34.6,35.1,32.9,35.23333333333334,34.885714285714286,43.77777777777778,1011.8513888888889,2,3,36.1
2024-03-07,36.1,22.6,0.0,28.95,40.541666666666664,1010.7708333333334,7.770833333333333,0.0,36.3,34.8,33.7,35.66666666666667,35.22857142857143,41.861111111111114,1011.4875000000001,3,3,35.8
2024-03-08,35.8,20.8,0.0,28.537499999999998,45.166666666666664,1011.5875,8.558333333333334,0.0,36.1,34.6,34.3,36.06666666666667,35.44285714285714,42.47222222222222,1011.2361111111112,4,3,36.3
2024-03-09,36.3,21.7,0.0,29.320833333333336,45.666666666666664,1011.8583333333332,6.416666666666667,0.0,35.8,36.3,35.4,36.06666666666667,35.57142857142857,43.791666666666664,1011.4055555555556,5,3,34.8
2024-03-10,34.8,23.0,0.2,28.320833333333336,52.958333333333336,1013.5875,10.225,0.2,36.3,36.1,35.1,35.63333333333333,35.528571428571425,47.93055555555555,1012.3444444444444,6,3,35.6
2024-03-11,35.6,23.0,0.0,28.479166666666668,46.0,1014.6416666666668,7.875,0.0,34.8,35.8,34.8,35.56666666666667,35.642857142857146,48.208333333333336,1013.3624999999998,0,3,36.3
2024-03-12,36.3,22.7,0.0,29.724999999999998,44.625,1013.0708333333333,7.354166666666667,0.0,35.6,36.3,34.6,35.56666666666667,35.885714285714286,47.861111111111114,1013.7666666666668,1,3,37.4
2024-03-13,37.4,25.9,0.0,31.020833333333332,37.25,1011.125,11.166666666666666,0.0,36.3,34.8,36.3,36.43333333333334,36.04285714285714,42.625,1012.9458333333333,2,3,35.4
2024-03-14,35.4,23.0,0.0,29.46666666666667,49.291666666666664,1011.8625000000001,6.3999999999999995,0.0,37.4,35.6,36.1,36.366666666666674,35.94285714285714,43.72222222222222,1012.0194444444445,3,3,37.8
2024-03-15,37.8,22.3,0.0,29.608333333333334,43.25,1010.8416666666667,10.4,0.0,35.4,36.3,35.8,36.86666666666667,36.22857142857142,43.263888888888886,1011.276388888889,4,3,35.1
2024-03-16,35.1,22.3,0.4,28.541666666666668,57.583333333333336,1011.7916666666666,10.9625,0.39999999999999997,37.8,37.4,36.3,36.1,36.05714285714286,50.041666666666664,1011.4986111111111,5,3,34.9
2024-03-17,34.9,22.8,5.7,27.566666666666666,63.708333333333336,1012.4333333333334,10.9625,5.699999999999999,35.1,35.4,34.8,35.93333333333334,36.07142857142857,54.84722222222223,1011.6888888888889,6,3,34.3
2024-03-18,34.3,23.4,0.9,27.695833333333336,55.291666666666664,1011.975,8.191666666666666,0.9,34.9,37.8,35.6,34.76666666666667,35.885714285714286,58.861111111111114,1012.0666666666666,0,3,34.9
2024-03-19,34.9,22.3,0.2,28.525000000000002,46.791666666666664,1011.1750000000001,10.458333333333334,0.2,34.3,35.1,36.3,34.7,35.68571428571428,55.263888888888886,1011.8611111111112,1,3,30.8
2024-03-20,30.8,21.8,0.2,26.070833333333336,56.75,1012.9625,12.483333333333334,0.2,34.9,34.9,37.4,33.333333333333336,34.74285714285714,52.944444444444436,1012.0375,2,3,33.1
2024-03-21,33.1,20.4,0.0,26.483333333333334,51.916666666666664,1012.4375,10.429166666666667,0.0,30.8,34.3,35.4,32.933333333333344,34.41428571428571,51.81944444444445,1012.1916666666666,3,3,35.1
2024-03-22,35.1,19.8,0.0,27.645833333333332,44.25,1009.8874999999999,6.229166666666667,0.0,33.1,34.9,37.8,33.00000000000001,34.028571428571425,50.97222222222222,1011.7624999999999,4,3,35.4
2024-03-23,35.4,20.9,0.0,29.141666666666666,40.0,1009.2875,7.2749999999999995,0.0,35.1,30.8,35.1,34.53333333333334,34.07142857142857,45.388888888888886,1010.5375,5,3,35.4
2024-03-24,35.4,23.0,0.0,29.59583333333333,41.833333333333336,1011.2208333333333,9.737499999999999,0.0,35.4,33.1,34.9,35.300000000000004,34.142857142857146,42.02777777777778,1010.1319444444443,6,3,35.5
2024-03-25,35.5,23.0,0.0,28.962500000000002,41.666666666666664,1011.9333333333334,7.6625000000000005,0.0,35.4,35.1,34.3,35.43333333333334,34.31428571428571,41.166666666666664,1010.8138888888889,0,3,36.9
2024-03-26,36.9,22.6,0.0,29.745833333333334,36.875,1012.0333333333333,9.470833333333333,0.0,35.5,35.4,34.9,35.93333333333334,34.6,40.125,1011.7291666666666,1,3,37.2
2024-03-27,37.2,22.4,0.0,29.4875,32.416666666666664,1013.4333333333334,9.591666666666667,0.0,36.9,35.4,30.8,36.53333333333334,35.51428571428572,36.98611111111111,1012.4666666666667,2,3,38.3
2024-03-28,38.3,21.9,0.0,30.03333333333333,40.666666666666664,1011.3333333333334,8.845833333333333,0.0,37.2,35.5,33.1,37.466666666666676,36.25714285714285,36.65277777777777,1012.2666666666668,3,3,38.7
2024-03-29,38.7,23.7,0.0,30.837500000000002,37.416666666666664,1009.6416666666668,10.458333333333334,0.0,38.3,36.9,35.1,38.06666666666667,36.771428571428565,36.83333333333333,1011.4694444444445,4,3,38.4
2024-03-30,38.4,23.1,0.0,30.375,38.416666666666664,1011.3000000000001,9.608333333333333,0.0,38.7,37.2,35.4,38.46666666666667,37.2,38.833333333333336,1010.7583333333333,5,3,37.6
2024-03-31,37.6,23.0,0.0,29.895833333333332,36.833333333333336,1012.4499999999999,7.208333333333333,0.0,38.4,38.3,35.4,38.23333333333334,37.51428571428572,37.55555555555556,1011.1305555555555,6,3,38.0
2024-04-01,38.0,22.7,0.0,30.9875,36.333333333333336,1009.5791666666668,8.116666666666667,0.0,37.6,38.7,35.5,38.00000000000001,37.871428571428574,37.19444444444445,1011.1097222222223,0,4,37.7
2024-04-02,37.7,23.9,0.0,30.900000000000002,40.708333333333336,1008.0124999999999,6.7375,0.0,38.0,38.4,36.9,37.76666666666667,37.98571428571428,37.958333333333336,1010.0138888888888,1,4,38.4
2024-04-03,38.4,24.5,0.0,31.412499999999998,39.166666666666664,1008.5083333333333,8.35,0.0,37.7,37.6,37.2,38.03333333333334,38.15714285714286,38.736111111111114,1008.6999999999999,2,4,38.8
2024-04-04,38.8,23.6,0.0,31.45,41.041666666666664,1008.8541666666666,8.195833333333333,0.0,38.4,38.0,38.3,38.300000000000004,38.228571428571435,40.30555555555555,1008.4583333333334,3,4,39.2
2024-04-05,39.2,25.8,0.0,32.108333333333334,35.333333333333336,1008.2375000000001,6.979166666666667,0.0,38.8,37.7,38.7,38.800000000000004,38.300000000000004,38.513888888888886,1008.5333333333333,4,4,38.7
2024-04-06,38.7,26.4,0.0,32.24166666666667,31.291666666666668,1007.2791666666667,9.016666666666667,0.0,39.2,38.4,38.4,38.900000000000006,38.34285714285715,35.88888888888889,1008.1236111111111,5,4,39.5
2024-04-07,39.5,25.0,0.0,32.3125,31.458333333333332,1006.2708333333334,10.887500000000001,0.0,38.7,38.8,37.6,39.13333333333335,38.614285714285714,32.69444444444445,1007.2625000000002,6,4,37.3
2024-04-08,37.3,25.8,0.0,31.087500000000002,39.0,1008.6958333333333,15.691666666666668,0.0,39.5,39.2,38.0,38.5,38.51428571428571,33.916666666666664,1007.4152777777778,0,4,35.0
2024-04-09,35.0,23.8,0.0,29.370833333333334,57.5,1010.8958333333334,14.7125,0.0,37.3,38.7,37.7,37.26666666666667,38.128571428571426,42.65277777777778,1008.6208333333334,1,4,35.6
2024-04-10,35.6,24.2,0.0,30.083333333333332,45.166666666666664,1010.4833333333332,13.6,0.0,35.0,39.5,38.4,35.966666666666676,37.728571428571435,47.22222222222222,1010.025,2,4,35.4
2024-04-11,35.4,24.4,0.0,29.15833333333333,45.0,1011.3666666666667,11.9375,0.0,35.6,37.3,38.8,35.33333333333334,37.24285714285714,49.22222222222222,1010.9152777777778,3,4,31.2
2024-04-12,31.2,23.7,6.3,27.84166666666667,62.958333333333336,1011.5541666666667,11.770833333333334,6.3,35.4,35.0,39.2,34.06666666666667,36.1,51.041666666666664,1011.1347222222222,4,4,33.1
2024-04-13,33.1,22.5,1.8,27.991666666666664,52.75,1011.475,8.066666666666666,1.8,31.2,35.6,38.7,33.23333333333334,35.300000000000004,53.56944444444445,1011.4652777777778,5,4,36.6
2024-04-14,36.6,23.8,0.0,30.008333333333336,48.041666666666664,1011.1708333333332,8.487499999999999,0.0,33.1,35.4,39.5,33.63333333333333,34.885714285714286,54.583333333333336,1011.4,6,4,37.7
2024-04-15,37.7,23.8,0.0,30.71666666666667,39.666666666666664,1011.1833333333334,8.508333333333333,0.0,36.6,31.2,37.3,35.80000000000001,34.94285714285714,46.819444444444436,1011.2763888888888,0,4,37.8
2024-04-16,37.8,24.4,0.0,31.3125,37.416666666666664,1009.8291666666668,8.491666666666667,0.0,37.7,33.1,35.0,37.366666666666674,35.34285714285714,41.708333333333336,1010.7277777777778,1,4,37.8
2024-04-17,37.8,24.9,0.1,31.72083333333333,40.875,1009.1125000000001,6.245833333333334,0.1,37.8,36.6,35.6,37.76666666666667,35.65714285714286,39.31944444444445,1010.0416666666669,2,4,38.6
2024-04-18,38.6,26.4,0.0,32.145833333333336,41.708333333333336,1007.8874999999999,5.6375,0.0,37.8,37.7,35.4,38.06666666666667,36.114285714285714,40.0,1008.9430555555556,3,4,37.8
2024-04-19,37.8,26.1,0.1,31.983333333333334,41.916666666666664,1006.3708333333334,7.3875,0.1,38.6,37.8,31.2,38.06666666666667,37.05714285714286,41.5,1007.7902777777778,4,4,36.4
2024-04-20,36.4,25.8,0.5,30.016666666666666,51.833333333333336,1007.5375,9.729166666666666,0.5,37.8,37.8,33.1,37.6,37.528571428571425,45.15277777777778,1007.2652777777777,5,4,36.9
2024-04-21,36.9,26.2,1.7,30.4875,50.0,1007.4875000000001,9.304166666666667,1.7000000000000002,36.4,38.6,36.6,37.03333333333334,37.57142857142857,47.916666666666664,1007.1319444444445,6,4,37.0
2024-04-22,37.0,25.7,0.0,30.9375,44.166666666666664,1008.3791666666666,8.9625,0.0,36.9,37.8,37.7,36.76666666666667,37.471428571428575,48.666666666666664,1007.8013888888889,0,4,39.0
2024-04-23,39.0,23.4,0.0,30.45,44.458333333333336,1007.5333333333333,5.791666666666667,0.0,37.0,36.4,37.8,37.63333333333333,37.642857142857146,46.208333333333336,1007.8000000000001,1,4,38.7
2024-04-24,38.7,22.9,0.0,30.849999999999998,33.0,1006.9166666666666,8.495833333333334,0.0,39.0,36.9,37.8,38.23333333333334,37.771428571428565,40.541666666666664,1007.6097222222221,2,4,39.0
2024-04-25,39.0,25.5,0.0,31.695833333333336,31.916666666666668,1006.7916666666666,8.204166666666667,0.0,38.7,37.0,38.6,38.900000000000006,37.82857142857142,36.458333333333336,1007.0805555555556,3,4,40.4
2024-04-26,40.4,23.8,0.0,32.291666666666664,34.416666666666664,1006.1708333333332,7.316666666666666,0.0,39.0,39.0,37.8,39.366666666666674,38.199999999999996,33.11111111111111,1006.6263888888889,4,4,38.7
2024-04-27,38.7,24.7,0.0,32.083333333333336,36.333333333333336,1007.0958333333333,6.770833333333333,0.0,40.4,38.7,36.4,39.366666666666674,38.528571428571425,34.22222222222222,1006.6861111111111,5,4,40.5
2024-04-28,40.5,25.8,0.0,33.329166666666666,33.791666666666664,1006.7791666666667,9.079166666666667,0.0,38.7,39.0,36.9,39.866666666666674,39.042857142857144,34.84722222222222,1006.6819444444444,6,4,39.6
2024-04-29,39.6,25.5,0.0,32.9375,34.416666666666664,1008.2833333333333,6.883333333333333,0.0,40.5,40.4,37.0,39.6,39.41428571428572,34.84722222222222,1007.3861111111111,0,4,39.9
2024-04-30,39.9,25.8,0.0,33.266666666666666,36.291666666666664,1006.1333333333333,6.779166666666666,0.0,39.6,38.7,39.0,40.00000000000001,39.542857142857144,34.83333333333333,1007.0652777777777,1,4,40.5
2024-05-01,40.5,28.0,0.0,33.708333333333336,29.375,1003.7791666666667,10.2875,0.0,39.9,40.5,38.7,40.00000000000001,39.800000000000004,33.36111111111111,1006.0652777777777,2,5,39.6
2024-05-02,39.6,25.2,0.0,32.512499999999996,27.125,1004.1791666666667,9.333333333333334,0.0,40.5,39.6,39.0,40.00000000000001,39.885714285714286,30.930555555555554,1004.6972222222222,3,5,40.4
2024-05-03,40.4,24.0,0.0,32.5375,26.083333333333332,1005.2166666666667,8.475,0.0,39.6,39.9,40.4,40.16666666666668,39.885714285714286,27.527777777777775,1004.3916666666668,4,5,41.4
2024-05-04,41.4,24.9,0.0,33.15,40.583333333333336,1005.4583333333334,6.991666666666667,0.0,40.4,40.5,38.7,40.466666666666676,40.271428571428565,31.26388888888889,1004.951388888889,5,5,40.0
2024-05-05,40.0,26.0,0.0,33.37916666666667,44.083333333333336,1004.6875,9.433333333333334,0.0,41.4,39.6,40.5,40.6,40.199999999999996,36.916666666666664,1005.1208333333334,6,5,40.8
2024-05-06,40.8,25.9,0.0,33.583333333333336,43.916666666666664,1005.1208333333334,8.083333333333334,0.0,40.0,40.4,39.6,40.733333333333334,40.37142857142857,42.861111111111114,1005.0888888888888,0,5,35.1
2024-05-07,35.1,23.9,1.6,29.3625,63.791666666666664,1008.5500000000001,13.1,1.6,40.8,41.4,39.9,38.63333333333333,39.68571428571429,50.59722222222222,1006.1194444444445,1,5,36.5
2024-05-08,36.5,23.4,0.8,29.7,58.416666666666664,1007.8416666666667,9.904166666666667,0.8,35.1,40.0,40.5,37.46666666666667,39.114285714285714,55.375,1007.1708333333335,2,5,36.2
2024-05-09,36.2,23.6,0.8,29.329166666666666,62.0,1007.5416666666666,11.5,0.8,36.5,40.8,39.6,35.93333333333334,38.628571428571426,61.40277777777777,1007.9777777777778,3,5,34.8
2024-05-10,34.8,22.0,22.9,27.758333333333336,74.20833333333333,1008.6291666666666,6.141666666666667,22.900000000000002,36.2,35.1,40.4,35.83333333333334,37.82857142857143,64.875,1008.0041666666666,4,5,37.3
2024-05-11,37.3,24.2,0.0,30.670833333333334,53.958333333333336,1008.7624999999999,8.200000000000001,0.0,34.8,36.5,41.4,36.1,37.24285714285714,63.388888888888886,1008.311111111111,5,5,35.8
2024-05-12,35.8,24.2,5.1,30.087500000000002,57.041666666666664,1009.4333333333334,6.266666666666667,5.1000000000000005,37.3,36.2,40.0,35.96666666666667,36.642857142857146,61.736111111111114,1008.9416666666666,6,5,34.9
2024-05-13,34.9,24.9,1.6,29.433333333333334,57.625,1009.0583333333334,5.925,1.6,35.8,34.8,40.8,36.00000000000001,35.8,56.208333333333336,1009.0847222222222,0,5,35.0
2024-05-14,35.0,24.4,0.5,29.304166666666664,59.083333333333336,1008.8583333333332,7.75,0.5,34.9,37.3,35.1,35.23333333333334,35.785714285714285,57.916666666666664,1009.1166666666668,1,5,36.1
2024-05-15,36.1,24.6,1.0,29.679166666666664,61.375,1009.5,7.125,1.0,35.0,35.8,36.5,35.333333333333336,35.72857142857143,59.361111111111114,1009.138888888889,2,5,32.9
2024-05-16,32.9,23.7,13.5,28.71666666666667,65.79166666666667,1009.9833333333332,7.5249999999999995,13.5,36.1,34.9,36.2,34.66666666666667,35.25714285714286,62.083333333333336,1009.4472222222222,3,5,32.6
2024-05-17,32.6,23.1,2.3,27.349999999999998,72.91666666666667,1008.6999999999999,8.625,2.3000000000000003,32.9,35.0,34.8,33.866666666666674,34.94285714285714,66.69444444444444,1009.3944444444445,4,5,33.1
2024-05-18,33.1,24.2,10.7,27.087500000000002,78.0,1007.1291666666666,6.158333333333334,10.7,32.6,36.1,37.3,32.866666666666674,34.34285714285714,72.2361111111111,1008.6041666666666,5,5,32.8
2024-05-19,32.8,23.7,10.3,27.129166666666666,80.41666666666667,1005.6333333333333,4.9750000000000005,10.3,33.1,32.9,35.8,32.833333333333336,33.91428571428571,77.11111111111111,1007.1541666666667,6,5,32.7
2024-05-20,32.7,23.1,9.2,28.520833333333332,73.91666666666667,1005.1041666666666,6.345833333333334,9.2,32.8,32.6,34.9,32.86666666666667,33.6,77.44444444444446,1005.9555555555556,0,5,34.6
2024-05-21,34.6,24.7,0.2,29.7625,62.791666666666664,1004.85,9.195833333333333,0.2,32.7,33.1,35.0,33.366666666666674,33.54285714285714,72.37500000000001,1005.1958333333333,1,5,35.2
2024-05-22,35.2,24.4,5.5,29.3125,67.20833333333333,1004.3166666666666,5.933333333333334,5.499999999999999,34.6,32.8,36.1,34.16666666666668,33.41428571428572,67.97222222222221,1004.7569444444445,2,5,36.3
2024-05-23,36.3,25.0,0.0,30.320833333333336,59.666666666666664,1002.3333333333334,7.420833333333333,0.0,35.2,32.7,32.9,35.366666666666674,33.9,63.22222222222222,1003.8333333333334,3,5,38.6
2024-05-24,38.6,26.4,0.0,32.15,50.291666666666664,1000.5666666666666,9.362499999999999,0.0,36.3,34.6,32.6,36.70000000000001,34.75714285714286,59.05555555555554,1002.4055555555556,4,5,37.0
2024-05-25,37.0,27.3,0.5,31.745833333333334,51.041666666666664,1000.1916666666666,10.862499999999999,0.5,38.6,35.2,33.1,37.300000000000004,35.31428571428571,53.666666666666664,1001.0305555555556,5,5,37.6
2024-05-26,37.6,28.2,0.2,32.3125,46.291666666666664,1000.3833333333333,17.945833333333333,0.2,37.0,36.3,32.8,37.73333333333334,36.0,49.208333333333336,1000.3805555555555,6,5,38.0
2024-05-27,38.0,27.9,0.0,31.53333333333333,54.916666666666664,1000.8333333333334,20.929166666666667,0.0,37.6,38.6,32.7,37.53333333333334,36.75714285714286,50.75,1000.4694444444444,0,5,37.0
2024-05-28,37.0,26.8,0.0,31.645833333333332,52.041666666666664,1001.6666666666666,19.037499999999998,0.0,38.0,37.0,34.6,37.53333333333334,37.1,51.083333333333336,1000.9611111111111,1,5,38.6
2024-05-29,38.6,27.0,0.0,32.42916666666667,45.5,1001.725,16.591666666666665,0.0,37.0,37.6,35.2,37.866666666666674,37.58571428571429,50.819444444444436,1001.4083333333334,2,5,38.4
2024-05-30,38.4,27.9,0.0,32.87916666666667,41.583333333333336,1003.0916666666667,13.174999999999999,0.0,38.6,38.0,36.3,38.00000000000001,37.885714285714286,46.375,1002.1611111111112,3,5,39.5
2024-05-31,39.5,28.0,0.0,33.604166666666664,38.375,1003.4791666666666,12.366666666666667,0.0,38.4,37.0,38.6,38.83333333333334,38.01428571428571,41.81944444444445,1002.7652777777779,4,5,39.2
2024-06-01,39.2,27.6,0.0,33.80833333333333,41.166666666666664,1004.0208333333334,8.608333333333333,0.0,39.5,38.6,37.0,39.03333333333334,38.32857142857143,40.375,1003.5305555555556,5,6,37.2
2024-06-02,37.2,26.1,25.2,29.95,64.79166666666667,1006.4208333333332,9.424999999999999,25.2,39.2,38.4,37.6,38.63333333333333,38.271428571428565,48.11111111111111,1004.6402777777777,6,6,33.6
2024-06-03,33.6,22.7,11.9,27.8,68.75,1007.7958333333332,8.945833333333333,11.9,37.2,39.5,38.0,36.66666666666667,37.642857142857146,58.23611111111111,1006.0791666666668,0,6,33.5
2024-06-04,33.5,25.2,7.4,28.791666666666668,68.25,1007.3291666666668,7.166666666666667,7.4,33.6,39.2,37.0,34.76666666666667,37.142857142857146,67.2638888888889,1007.1819444444444,1,6,32.3
2024-06-05,32.3,24.2,34.1,26.733333333333334,82.75,1008.1,5.941666666666666,34.1,33.5,37.2,38.6,33.13333333333334,36.24285714285714,73.25,1007.7416666666668,2,6,34.1
2024-06-06,34.1,23.6,38.3,27.108333333333334,80.375,1008.0,10.583333333333334,38.3,32.3,33.6,38.4,33.300000000000004,35.628571428571426,77.125,1007.8097222222223,3,6,32.0
2024-06-07,32.0,23.3,4.5,26.929166666666664,77.29166666666667,1006.6083333333332,8.808333333333334,4.5,34.1,33.5,39.5,32.800000000000004,34.55714285714286,80.13888888888889,1007.5694444444443,4,6,31.3
2024-06-08,31.3,24.0,6.3,26.429166666666664,79.25,1005.6791666666667,8.725,6.300000000000001,32.0,32.3,39.2,32.466666666666676,33.42857142857143,78.97222222222223,1006.7624999999999,5,6,30.9
2024-06-09,30.9,23.3,1.6,26.3875,76.5,1004.6750000000001,10.454166666666667,1.6,31.3,34.1,37.2,31.400000000000006,32.528571428571425,77.68055555555556,1005.6541666666667,6,6,29.2
2024-06-10,29.2,23.4,10.6,25.537499999999998,82.66666666666667,1005.0749999999999,11.641666666666666,10.6,30.9,32.0,33.6,30.46666666666667,31.900000000000002,79.47222222222223,1005.1430555555556,0,6,31.1
2024-06-11,31.1,23.1,6.0,25.295833333333334,85.29166666666667,1005.4708333333333,14.158333333333333,6.0,29.2,31.3,33.5,30.400000000000006,31.557142857142857,81.48611111111111,1005.0736111111111,1,6,31.1
2024-06-12,31.1,22.6,6.2,25.691666666666666,81.58333333333333,1006.8291666666668,14.170833333333334,6.2,31.1,30.9,32.3,30.46666666666667,31.38571428571429,83.18055555555556,1005.7916666666666,2,6,32.1
2024-06-13,32.1,23.4,32.4,26.125,82.75,1007.0291666666667,14.983333333333334,32.4,31.1,29.2,34.1,31.433333333333337,31.099999999999998,83.20833333333333,1006.4430555555556,3,6,30.4
2024-06-14,30.4,23.2,8.7,25.912499999999998,81.66666666666667,1006.1999999999999,14.841666666666667,8.7,32.1,31.1,32.0,31.200000000000006,30.87142857142857,82.0,1006.6861111111111,4,6,31.6
2024-06-15,31.6,23.5,0.8,27.179166666666664,73.75,1005.5500000000001,15.0,0.7999999999999999,30.4,31.1,31.3,31.366666666666674,30.914285714285715,79.3888888888889,1006.2597222222222,5,6,31.2
2024-06-16,31.2,23.9,2.1,27.4875,71.91666666666667,1006.2333333333332,12.145833333333334,2.1,31.6,32.1,30.9,31.066666666666674,30.95714285714286,75.77777777777779,1005.9944444444444,6,6,32.4
2024-06-17,32.4,23.6,2.8,27.787499999999998,72.83333333333333,1006.2416666666667,11.725,2.8,31.2,30.4,29.2,31.733333333333338,31.41428571428571,72.83333333333333,1006.0083333333333,0,6,32.6
2024-06-18,32.6,23.8,0.4,27.958333333333332,71.75,1005.5625,13.370833333333332,0.4,32.4,31.6,31.1,32.06666666666667,31.62857142857143,72.16666666666667,1006.0124999999999,1,6,30.3
2024-06-19,30.3,23.8,6.5,27.270833333333332,71.83333333333333,1004.5,16.195833333333333,6.5,32.6,31.2,31.1,31.76666666666667,31.514285714285712,72.13888888888887,1005.4347222222223,2,6,32.1
2024-06-20,32.1,24.5,0.6,27.858333333333334,65.41666666666667,1004.2125,17.283333333333335,0.6000000000000001,30.3,32.4,32.1,31.66666666666667,31.514285714285716,69.66666666666667,1004.7583333333332,3,6,32.3
2024-06-21,32.3,24.5,2.8,27.525000000000002,70.79166666666667,1004.0791666666668,16.916666666666668,2.8000000000000003,32.1,32.6,30.4,31.566666666666674,31.785714285714285,69.34722222222223,1004.2638888888888,4,6,29.0
2024-06-22,29.0,23.9,15.8,25.708333333333332,81.41666666666667,1002.8583333333332,8.987499999999999,15.8,32.3,30.3,31.6,31.133333333333336,31.414285714285715,72.54166666666667,1003.7166666666666,5,6,31.9
2024-06-23,31.9,23.2,2.5,27.241666666666664,73.75,1002.025,11.6875,2.5,29.0,32.1,31.2,31.066666666666666,31.514285714285712,75.31944444444444,1002.9875000000001,6,6,31.5
2024-06-24,31.5,23.8,0.1,27.72083333333333,66.625,1001.4833333333332,12.354166666666666,0.1,31.9,32.3,32.4,30.8,31.385714285714283,73.93055555555556,1002.1222222222221,0,6,32.5
2024-06-25,32.5,24.1,7.9,27.2375,74.0,1001.1791666666667,14.220833333333333,7.9,31.5,29.0,32.6,31.96666666666667,31.37142857142857,71.45833333333333,1001.5625,1,6,31.7
2024-06-26,31.7,24.0,7.4,26.891666666666666,77.41666666666667,1001.2125,16.720833333333335,7.4,32.5,31.9,30.3,31.900000000000002,31.571428571428573,72.68055555555556,1001.2916666666666,2,6,27.5
2024-06-27,27.5,23.5,28.0,25.0125,85.83333333333333,1003.3041666666667,17.837500000000002,28.0,31.7,31.5,32.1,30.566666666666674,30.91428571428571,79.08333333333333,1001.8986111111111,3,6,28.9
2024-06-28,28.9,23.0,8.9,25.175,83.625,1004.4041666666667,19.595833333333335,8.9,27.5,32.5,32.3,29.36666666666667,30.428571428571427,82.29166666666667,1002.973611111111,4,6,30.0
2024-06-29,30.0,23.4,2.2,26.604166666666668,75.16666666666667,1005.3458333333333,17.55,2.2,28.9,31.7,29.0,28.8,30.571428571428573,81.54166666666667,1004.3513888888889,5,6,28.6
2024-06-30,28.6,23.7,11.8,25.28333333333333,84.79166666666667,1006.1833333333334,15.75,11.8,30.0,27.5,31.9,29.166666666666668,30.099999999999998,81.19444444444444,1005.3111111111111,6,6,28.9
2024-07-01,28.9,23.4,1.0,26.083333333333332,76.625,1005.4708333333333,19.333333333333332,1.0,28.6,28.9,31.5,29.16666666666667,29.728571428571428,78.86111111111111,1005.6666666666666,0,7,30.9
2024-07-02,30.9,23.6,1.8,26.458333333333332,71.79166666666667,1004.3833333333333,22.554166666666664,1.8000000000000003,28.9,30.0,32.5,29.46666666666667,29.5,77.73611111111113,1005.3458333333333,1,7,30.7
2024-07-03,30.7,23.5,0.0,26.650000000000002,73.54166666666667,1004.9458333333333,18.816666666666666,0.0,30.9,28.6,31.7,30.166666666666668,29.357142857142858,73.98611111111111,1004.9333333333333,2,7,31.3
2024-07-04,31.3,24.0,0.1,27.02916666666667,71.41666666666667,1005.8416666666667,18.804166666666667,0.1,30.7,28.9,27.5,30.96666666666667,29.900000000000002,72.25,1005.0569444444444,3,7,30.8
2024-07-05,30.8,23.7,2.4,26.245833333333334,76.58333333333333,1004.6291666666666,18.025000000000002,2.4,31.3,30.9,28.9,30.933333333333337,30.17142857142857,73.84722222222221,1005.1388888888888,4,7,29.6
2024-07-06,29.6,23.2,9.9,25.579166666666666,80.20833333333333,1003.5916666666667,19.6,9.9,30.8,30.7,30.0,30.566666666666674,30.114285714285717,76.06944444444444,1004.6875,5,7,28.9
2024-07-07,28.9,22.8,9.3,25.258333333333336,81.79166666666667,1004.2375000000001,14.987499999999999,9.3,29.6,31.3,28.6,29.76666666666667,30.157142857142855,79.52777777777777,1004.1527777777778,6,7,29.1
2024-07-08,29.1,22.7,25.9,24.804166666666664,85.54166666666667,1003.7125,11.329166666666666,25.900000000000002,28.9,30.8,28.9,29.200000000000003,30.185714285714287,82.5138888888889,1003.8472222222223,0,7,29.3
2024-07-09,29.3,23.1,8.6,25.287499999999998,83.375,1004.8666666666667,13.0,8.6,29.1,29.6,30.9,29.100000000000005,29.957142857142856,83.56944444444446,1004.2722222222222,1,7,31.2
2024-07-10,31.2,22.6,2.1,26.45,73.20833333333333,1007.0375,14.904166666666667,2.1,29.3,28.9,30.7,29.86666666666667,30.02857142857143,80.70833333333333,1005.2055555555556,2,7,31.0
2024-07-11,31.0,23.1,12.0,26.354166666666668,76.5,1006.1999999999999,16.537499999999998,12.0,31.2,29.1,31.3,30.5,29.985714285714284,77.69444444444444,1006.0347222222222,3,7,30.9
2024-07-12,30.9,23.3,3.3,26.266666666666666,76.375,1004.3666666666667,18.8,3.3,31.0,29.3,30.8,31.033333333333335,30.0,75.3611111111111,1005.8680555555555,4,7,30.5
2024-07-13,30.5,23.1,3.6,25.941666666666666,78.0,1003.3333333333334,21.954166666666666,3.6,30.9,31.2,29.6,30.8,30.128571428571426,76.95833333333333,1004.6333333333333,5,7,26.2
2024-07-14,26.2,23.0,17.7,24.40416666666667,87.83333333333333,1001.4499999999999,18.729166666666668,17.7,30.5,31.0,28.9,29.200000000000003,29.742857142857144,80.7361111111111,1003.0500000000001,6,7,29.1
2024-07-15,29.1,23.3,5.4,24.7375,86.83333333333333,1000.4041666666667,17.170833333333334,5.4,26.2,30.9,29.1,28.600000000000005,29.742857142857144,84.22222222222221,1001.7291666666666,0,7,29.8
2024-07-16,29.8,23.0,8.8,25.625,81.33333333333333,1000.8333333333334,19.287499999999998,8.8,29.1,30.5,29.3,28.36666666666667,29.814285714285713,85.33333333333333,1000.8958333333334,1,7,28.7
2024-07-17,28.7,22.9,3.6,25.108333333333334,80.79166666666667,1002.7833333333333,19.945833333333333,3.6,29.8,26.2,31.2,29.200000000000003,29.45714285714286,82.98611111111111,1001.3402777777778,2,7,27.6
2024-07-18,27.6,23.1,10.8,24.920833333333334,85.29166666666667,1002.6291666666666,21.90416666666667,10.8,28.7,29.1,31.0,28.700000000000003,28.971428571428568,82.47222222222223,1002.0819444444445,3,7,27.5
2024-07-19,27.5,22.4,28.3,23.900000000000002,89.75,1001.3416666666667,23.604166666666668,28.3,27.6,29.8,30.9,27.933333333333337,28.485714285714288,85.27777777777779,1002.2513888888889,4,7,25.9
2024-07-20,25.9,22.7,20.6,23.458333333333332,90.5,1001.6875,26.929166666666664,20.599999999999998,27.5,28.7,30.5,27.0,27.82857142857143,88.5138888888889,1001.8861111111111,5,7,27.7
2024-07-21,27.7,22.4,13.5,24.166666666666668,85.58333333333333,1002.4458333333333,23.766666666666666,13.5,25.9,27.6,26.2,27.033333333333335,28.04285714285714,88.6111111111111,1001.8249999999999,6,7,25.8
2024-07-22,25.8,22.8,10.2,23.974999999999998,88.375,1004.475,23.004166666666666,10.2,27.7,27.5,29.1,26.46666666666667,27.571428571428573,88.15277777777777,1002.8694444444445,0,7,26.6
2024-07-23,26.6,23.0,11.9,24.349999999999998,86.54166666666667,1005.0666666666666,24.6375,11.9,25.8,25.9,29.8,26.700000000000003,27.11428571428571,86.83333333333333,1003.9958333333334,1,7,24.6
2024-07-24,24.6,22.4,25.7,23.3,90.5,1003.1083333333332,24.7375,25.7,26.6,27.7,28.7,25.66666666666667,26.52857142857143,88.47222222222223,1004.2166666666667,2,7,24.9
2024-07-25,24.9,22.4,18.2,23.254166666666666,90.83333333333333,1001.6291666666666,25.270833333333332,18.2,24.6,25.8,27.6,25.36666666666667,26.142857142857142,89.29166666666667,1003.2680555555554,3,7,27.2
2024-07-26,27.2,22.0,13.5,23.958333333333332,84.625,1002.2833333333333,22.53333333333333,13.5,24.9,26.6,27.5,25.566666666666666,26.099999999999998,88.65277777777777,1002.3402777777777,4,7,25.5
2024-07-27,25.5,22.9,10.5,23.758333333333336,88.41666666666667,1002.7624999999999,23.525000000000002,10.5,27.2,24.6,25.9,25.86666666666667,26.042857142857144,87.95833333333333,1002.225,5,7,28.7
2024-07-28,28.7,22.7,4.8,25.179166666666664,80.45833333333333,1001.025,22.483333333333334,4.8,25.5,24.9,27.7,27.133333333333336,26.185714285714287,84.5,1002.0236111111111,6,7,29.3
2024-07-29,29.3,23.3,3.8,25.349999999999998,82.33333333333333,1001.275,18.0625,3.8000000000000003,28.7,27.2,25.8,27.833333333333332,26.685714285714287,83.7361111111111,1001.6875,0,7,29.9
2024-07-30,29.9,23.4,0.0,26.05,77.58333333333333,1004.3583333333332,18.075,0.0,29.3,25.5,26.6,29.3,27.157142857142855,80.12499999999999,1002.2194444444444,1,7,29.6
2024-07-31,29.6,23.4,1.5,26.116666666666664,77.45833333333333,1005.7041666666668,17.754166666666666,1.5,29.9,28.7,24.6,29.600000000000005,27.871428571428574,79.125,1003.7791666666666,2,7,29.0
2024-08-01,29.0,23.7,3.7,25.483333333333334,81.0,1005.7041666666668,18.208333333333332,3.7,29.6,29.3,24.9,29.5,28.457142857142856,78.68055555555556,1005.2555555555556,3,8,27.4
2024-08-02,27.4,22.9,11.5,24.55,85.33333333333333,1005.6458333333334,21.333333333333332,11.5,29.0,29.9,27.2,28.666666666666668,28.485714285714288,81.26388888888889,1005.6847222222223,4,8,28.2
2024-08-03,28.2,23.1,0.4,25.454166666666666,77.33333333333333,1006.4333333333334,21.295833333333334,0.4,27.4,29.6,25.5,28.200000000000003,28.87142857142857,81.22222222222221,1005.9277777777779,5,8,29.0
2024-08-04,29.0,22.9,4.9,25.224999999999998,79.83333333333333,1007.1875,18.125,4.8999999999999995,28.2,29.0,28.7,28.200000000000003,28.914285714285715,80.83333333333333,1006.4222222222221,6,8,30.2
2024-08-05,30.2,22.7,0.5,25.8625,76.95833333333333,1007.6958333333333,15.170833333333334,0.5,29.0,27.4,29.3,29.133333333333336,29.042857142857144,78.04166666666667,1007.1055555555555,0,8,29.1
2024-08-06,29.1,22.5,5.5,25.1875,82.125,1007.0333333333333,16.091666666666665,5.5,30.2,28.2,29.9,29.433333333333337,28.928571428571427,79.6388888888889,1007.3055555555555,1,8,25.1
2024-08-07,25.1,22.6,22.2,23.5125,91.875,1007.1208333333334,13.237499999999999,22.200000000000003,29.1,29.0,29.6,28.133333333333336,28.285714285714285,83.65277777777777,1007.2833333333333,2,8,29.0
2024-08-08,29.0,22.0,7.9,24.65416666666667,83.04166666666667,1007.7041666666668,13.65,7.8999999999999995,25.1,30.2,29.0,27.733333333333338,28.285714285714285,85.68055555555556,1007.2861111111112,3,8,30.3
2024-08-09,30.3,21.9,3.6,25.366666666666664,81.0,1008.5083333333333,10.354166666666666,3.5999999999999996,29.0,29.1,27.4,28.133333333333336,28.7,85.30555555555556,1007.7777777777778,4,8,30.3
2024-08-10,30.3,22.8,0.4,26.016666666666666,77.66666666666667,1008.225,10.0375,0.4,30.3,25.1,28.2,29.86666666666667,29.0,80.56944444444446,1008.1458333333334,5,8,29.4
2024-08-11,29.4,22.9,0.2,25.8625,75.75,1006.8000000000001,11.741666666666667,0.2,30.3,29.0,29.0,30.0,29.057142857142853,78.1388888888889,1007.8444444444444,6,8,28.2
2024-08-12,28.2,23.1,39.0,24.920833333333334,84.75,1006.8249999999999,8.083333333333334,39.0,29.4,30.3,30.2,29.3,28.771428571428572,79.3888888888889,1007.2833333333334,0,8,30.4
2024-08-13,30.4,22.6,2.2,26.245833333333334,81.66666666666667,1006.9833333333332,6.458333333333333,2.2,28.2,30.3,29.1,29.333333333333332,28.95714285714286,80.72222222222221,1006.8694444444444,1,8,30.8
2024-08-14,30.8,23.6,0.2,26.995833333333334,80.25,1006.8041666666667,3.8625000000000003,0.2,30.4,29.4,25.1,29.8,29.771428571428572,82.22222222222223,1006.8708333333333,2,8,31.0
2024-08-15,31.0,23.3,1.1,26.504166666666666,82.83333333333333,1006.1583333333333,4.5125,1.1,30.8,28.2,29.0,30.733333333333334,30.057142857142853,81.58333333333333,1006.6486111111111,3,8,31.2
2024-08-16,31.2,23.1,26.6,25.391666666666666,88.375,1005.5541666666667,4.404166666666667,26.6,31.0,30.4,30.3,31.000000000000004,30.185714285714287,83.81944444444444,1006.1722222222223,4,8,30.4
2024-08-17,30.4,22.8,3.2,26.379166666666666,81.875,1006.4916666666667,5.466666666666666,3.2,31.2,30.8,30.3,30.86666666666667,30.199999999999996,84.3611111111111,1006.0680555555555,5,8,31.2
2024-08-18,31.2,23.6,7.8,26.5,83.04166666666667,1007.2166666666667,4.554166666666666,7.8,30.4,31.0,29.4,30.933333333333337,30.45714285714286,84.43055555555556,1006.4208333333332,6,8,28.8
2024-08-19,28.8,23.6,17.3,25.212500000000002,90.33333333333333,1006.8083333333334,3.7125,17.3,31.2,31.2,28.2,30.133333333333336,30.54285714285714,85.08333333333333,1006.8388888888888,0,8,29.9
2024-08-20,29.9,23.1,8.2,25.5625,85.08333333333333,1006.5208333333334,4.016666666666667,8.200000000000001,28.8,30.4,30.4,29.96666666666667,30.471428571428568,86.15277777777779,1006.8486111111112,1,8,31.2
2024-08-21,31.2,23.0,7.4,26.7625,81.125,1007.0708333333333,7.595833333333334,7.3999999999999995,29.9,31.2,30.8,29.96666666666667,30.52857142857143,85.51388888888887,1006.8000000000001,2,8,30.1
2024-08-22,30.1,22.7,6.9,25.754166666666666,82.41666666666667,1007.3458333333333,10.754166666666668,6.9,31.2,28.8,31.0,30.400000000000006,30.400000000000002,82.875,1006.9791666666666,3,8,28.4
2024-08-23,28.4,23.2,0.2,25.52916666666667,79.16666666666667,1007.8916666666668,15.475,0.2,30.1,29.9,31.2,29.900000000000002,30.0,80.90277777777779,1007.4361111111111,4,8,27.3
2024-08-24,27.3,22.9,12.7,24.291666666666668,85.375,1007.4166666666666,21.825,12.7,28.4,31.2,30.4,28.600000000000005,29.557142857142857,82.31944444444444,1007.5513888888889,5,8,27.0
2024-08-25,27.0,22.1,9.1,24.099999999999998,84.58333333333333,1006.8083333333334,20.695833333333333,9.1,27.3,30.1,31.2,27.566666666666666,28.957142857142856,83.04166666666667,1007.3722222222223,6,8,29.2
2024-08-26,29.2,22.4,1.8,24.974999999999998,80.16666666666667,1006.0291666666667,20.2625,1.8,27.0,28.4,28.8,27.833333333333332,29.014285714285716,83.375,1006.7513888888889,0,8,29.7
2024-08-27,29.7,22.4,4.0,25.166666666666668,78.79166666666667,1007.8541666666666,18.0,4.0,29.2,27.3,29.9,28.633333333333336,28.985714285714288,81.18055555555556,1006.8972222222222,1,8,29.3
2024-08-28,29.3,22.4,3.3,25.304166666666664,77.875,1007.8791666666666,17.287499999999998,3.3000000000000003,29.7,27.0,31.2,29.400000000000006,28.714285714285715,78.94444444444446,1007.2541666666666,2,8,29.2
2024-08-29,29.2,22.3,1.0,25.120833333333334,78.54166666666667,1006.3375,15.991666666666667,1.0,29.3,29.2,30.1,29.400000000000002,28.585714285714285,78.40277777777779,1007.3569444444444,3,8,24.8
2024-08-30,24.8,22.9,15.9,23.8,90.20833333333333,1006.2791666666667,13.725,15.9,29.2,29.7,28.4,27.76666666666667,28.071428571428573,82.20833333333333,1006.8319444444445,4,8,25.1
2024-08-31,25.1,21.9,25.0,23.125,91.54166666666667,1005.2375000000001,21.212500000000002,25.0,24.8,29.3,27.3,26.36666666666667,27.75714285714286,86.7638888888889,1005.951388888889,5,8,23.1
2024-09-01,23.1,21.7,72.0,22.395833333333332,92.16666666666667,1003.2791666666667,23.34583333333333,72.0,25.1,29.2,27.0,24.333333333333332,27.2,91.30555555555556,1004.9319444444445,6,9,25.1
2024-09-02,25.1,22.0,19.6,23.495833333333334,86.41666666666667,1003.5958333333333,20.779166666666665,19.599999999999998,23.1,24.8,29.2,24.433333333333337,26.61428571428571,90.04166666666667,1004.0375,0,9,27.6
2024-09-03,27.6,22.8,8.8,24.675,84.16666666666667,1005.9,17.55,8.8,25.1,25.1,29.7,25.26666666666667,26.314285714285713,87.58333333333333,1004.2583333333332,1,9,28.1
2024-09-04,28.1,22.6,7.9,24.47083333333333,85.70833333333333,1006.625,18.929166666666667,7.9,27.6,23.1,29.3,26.933333333333337,26.142857142857142,85.43055555555554,1005.3736111111111,2,9,29.4
2024-09-05,29.4,22.6,3.7,25.075,82.58333333333333,1005.7583333333333,16.095833333333335,3.6999999999999997,28.1,25.1,29.2,28.36666666666667,26.17142857142857,84.15277777777777,1006.0944444444444,3,9,29.0
2024-09-06,29.0,22.6,2.9,25.175,82.75,1006.3208333333333,15.895833333333334,2.9,29.4,27.6,24.8,28.833333333333332,26.77142857142857,83.68055555555554,1006.2347222222221,4,9,26.5
2024-09-07,26.5,22.8,10.3,24.0,88.66666666666667,1007.0958333333333,16.429166666666667,10.3,29.0,28.1,25.1,28.3,26.97142857142857,84.66666666666667,1006.3916666666668,5,9,26.4
2024-09-08,26.4,22.7,16.1,23.754166666666666,90.91666666666667,1007.0416666666666,16.204166666666666,16.1,26.5,29.4,23.1,27.3,27.442857142857143,87.44444444444446,1006.8194444444445,6,9,25.0
2024-09-09,25.0,22.7,12.9,23.47083333333333,91.16666666666667,1004.6541666666667,17.875,12.9,26.4,29.0,25.1,25.96666666666667,27.428571428571427,90.25,1006.2638888888888,0,9,29.3
2024-09-10,29.3,22.4,2.5,25.09583333333333,80.66666666666667,1004.1166666666667,19.170833333333334,2.5,25.0,26.5,27.6,26.900000000000002,27.67142857142857,87.58333333333333,1005.2708333333334,1,9,29.4
2024-09-11,29.4,22.0,0.1,25.133333333333336,75.70833333333333,1006.0833333333334,18.233333333333334,0.1,29.3,26.4,28.1,27.900000000000002,27.857142857142858,82.51388888888889,1004.951388888889,2,9,28.7
2024-09-12,28.7,22.1,0.0,25.1125,74.58333333333333,1007.8041666666667,17.370833333333334,0.0,29.4,25.0,29.4,29.133333333333336,27.75714285714286,76.9861111111111,1006.0013888888889,3,9,28.7
2024-09-13,28.7,21.9,0.0,24.8625,72.83333333333333,1007.9291666666667,15.116666666666667,0.0,28.7,29.3,29.0,28.933333333333337,27.714285714285715,74.37499999999999,1007.2722222222222,4,9,29.2
2024-09-14,29.2,21.7,0.0,24.954166666666666,73.70833333333333,1007.35,13.5375,0.0,28.7,29.4,26.5,28.866666666666664,28.1,73.70833333333333,1007.6944444444443,5,9,29.4
2024-09-15,29.4,21.8,0.0,25.2625,72.91666666666667,1007.2958333333332,14.854166666666666,0.0,29.2,28.7,26.4,29.100000000000005,28.52857142857143,73.15277777777779,1007.525,6,9,27.8
2024-09-16,27.8,22.2,0.8,24.5625,76.0,1007.6833333333334,15.520833333333334,0.8,29.4,28.7,25.0,28.8,28.928571428571427,74.20833333333333,1007.4430555555555,0,9,29.8
2024-09-17,29.8,22.1,0.0,25.241666666666664,71.625,1007.2291666666666,13.6,0.0,27.8,29.2,29.3,29.0,29.0,73.5138888888889,1007.4027777777777,1,9,29.5
2024-09-18,29.5,21.0,0.1,24.870833333333334,73.66666666666667,1006.3958333333334,10.125,0.1,29.8,29.4,29.4,29.033333333333335,29.014285714285712,73.7638888888889,1007.1027777777778,2,9,30.4
2024-09-19,30.4,21.1,0.0,25.566666666666666,74.125,1006.9708333333333,6.654166666666666,0.0,29.5,27.8,28.7,29.900000000000006,29.25714285714286,73.1388888888889,1006.8652777777778,3,9,30.9
2024-09-20,30.9,22.1,0.4,25.84166666666667,76.45833333333333,1007.0166666666668,8.979166666666666,0.4,30.4,29.8,28.7,30.26666666666667,29.571428571428573,74.75,1006.7944444444444,4,9,29.5
2024-09-21,29.5,22.3,6.1,24.879166666666666,84.75,1007.4083333333333,8.345833333333333,6.1,30.9,29.5,29.2,30.26666666666667,29.61428571428571,78.44444444444444,1007.1319444444443,5,9,29.3
2024-09-22,29.3,22.2,2.4,24.724999999999998,85.83333333333333,1006.6,10.079166666666667,2.4,29.5,30.4,29.4,29.900000000000002,29.599999999999998,82.34722222222221,1007.0083333333333,6,9,29.2
2024-09-23,29.2,22.2,20.0,24.849999999999998,88.29166666666667,1005.8583333333332,6.741666666666667,20.0,29.3,30.9,27.8,29.333333333333332,29.8,86.29166666666667,1006.6222222222223,0,9,29.3
2024-09-24,29.3,22.5,13.6,25.22083333333333,84.91666666666667,1004.7125,6.345833333333334,13.6,29.2,29.5,29.8,29.26666666666667,29.728571428571428,86.34722222222223,1005.723611111111,1,9,28.7
2024-09-25,28.7,22.7,14.6,24.729166666666668,87.66666666666667,1004.2458333333334,8.933333333333334,14.6,29.3,29.3,29.5,29.066666666666674,29.61428571428571,86.95833333333333,1004.9388888888889,2,9,27.8
2024-09-26,27.8,22.9,8.6,24.78333333333333,85.08333333333333,1004.6625,14.237499999999999,8.6,28.7,29.2,30.4,28.600000000000005,29.24285714285714,85.8888888888889,1004.5402777777778,3,9,29.0
2024-09-27,29.0,22.8,0.0,25.27916666666667,78.54166666666667,1007.4166666666666,14.008333333333333,0.0,27.8,29.3,30.9,28.500000000000004,28.97142857142857,83.76388888888889,1005.4416666666666,4,9,29.6
2024-09-28,29.6,22.2,0.0,25.491666666666664,79.20833333333333,1009.5666666666666,9.258333333333333,0.0,29.0,28.7,29.5,28.8,28.985714285714288,80.94444444444444,1007.2152777777777,5,9,30.7
2024-09-29,30.7,22.1,0.8,26.099999999999998,79.0,1010.8041666666667,4.1375,0.8,29.6,27.8,29.3,29.76666666666667,29.185714285714287,78.91666666666667,1009.2624999999999,6,9,29.9
2024-09-30,29.9,22.5,3.7,25.77916666666667,84.5,1011.1,4.5,3.7,30.7,29.0,29.2,30.066666666666674,29.285714285714285,80.90277777777777,1010.4902777777778,0,9,31.2
2024-10-01,31.2,22.7,2.7,26.425,81.625,1009.1999999999999,3.829166666666667,2.7,29.9,29.6,29.3,30.599999999999998,29.557142857142857,81.70833333333333,1010.3680555555557,1,10,31.8
2024-10-02,31.8,22.4,3.1,26.46666666666667,81.45833333333333,1009.0166666666668,7.633333333333333,3.1,31.2,30.7,28.7,30.96666666666667,30.0,82.52777777777779,1009.7722222222222,2,10,31.5
2024-10-03,31.5,22.5,1.1,26.087500000000002,81.45833333333333,1008.8708333333334,10.233333333333333,1.1,31.8,29.9,27.8,31.5,30.52857142857143,81.51388888888887,1009.0291666666667,3,10,30.7
2024-10-04,30.7,22.4,0.1,25.808333333333334,80.95833333333333,1009.1708333333332,7.783333333333334,0.1,31.5,31.2,29.0,31.333333333333332,30.771428571428572,81.29166666666666,1009.0194444444445,4,10,30.4
2024-10-05,30.4,22.3,2.2,24.945833333333336,84.54166666666667,1009.8583333333332,7.229166666666667,2.2,30.7,31.8,29.6,30.86666666666667,30.885714285714283,82.31944444444444,1009.2999999999998,5,10,30.7
2024-10-06,30.7,22.3,1.4,25.608333333333334,82.0,1010.5458333333332,6.0249999999999995,1.4000000000000001,30.4,31.5,30.7,30.600000000000005,30.88571428571429,82.5,1009.8583333333332,6,10,30.0
2024-10-07,30.0,21.7,2.1,25.375,79.54166666666667,1011.9083333333333,6.9375,2.1,30.7,30.7,29.9,30.366666666666664,30.900000000000002,82.02777777777779,1010.7708333333334,0,10,29.7
2024-10-08,29.7,21.6,0.2,25.275000000000002,79.41666666666667,1012.3916666666668,7.233333333333333,0.2,30.0,30.4,31.2,30.133333333333336,30.685714285714283,80.31944444444446,1011.6152777777778,1,10,30.2
2024-10-09,30.2,22.4,2.7,25.2625,82.0,1010.6999999999999,9.354166666666666,2.7,29.7,30.7,31.8,29.96666666666667,30.457142857142856,80.31944444444446,1011.6666666666666,2,10,29.2
2024-10-10,29.2,22.5,1.4,25.045833333333334,83.5,1009.6,11.075000000000001,1.4000000000000001,30.2,30.0,31.5,29.700000000000003,30.12857142857143,81.6388888888889,1010.8972222222222,3,10,29.7
2024-10-11,29.7,22.6,1.7,24.883333333333336,84.58333333333333,1009.4875000000001,13.4,1.7,29.2,29.7,30.7,29.7,29.985714285714284,83.3611111111111,1009.9291666666667,4,10,29.5
2024-10-12,29.5,22.3,4.4,24.8875,84.83333333333333,1010.6041666666666,11.5375,4.4,29.7,30.2,30.4,29.46666666666667,29.857142857142858,84.30555555555554,1009.8972222222222,5,10,29.7
2024-10-13,29.7,22.2,2.7,25.21666666666667,83.0,1010.8291666666668,8.804166666666667,2.7,29.5,29.2,30.7,29.633333333333336,29.714285714285715,84.13888888888887,1010.3069444444445,6,10,28.6
2024-10-14,28.6,21.0,0.2,25.079166666666666,82.83333333333333,1010.8375,6.041666666666667,0.2,29.7,29.7,30.0,29.26666666666667,29.514285714285712,83.55555555555556,1010.7569444444445,0,10,29.4
2024-10-15,29.4,22.1,11.0,24.65833333333333,85.125,1010.6999999999999,7.7124999999999995,11.0,28.6,29.5,29.7,29.233333333333334,29.47142857142857,83.65277777777777,1010.7888888888889,1,10,29.4
2024-10-16,29.4,21.9,6.6,24.84166666666667,85.625,1010.0916666666667,6.445833333333333,6.6,29.4,29.7,30.2,29.133333333333336,29.357142857142858,84.52777777777777,1010.5430555555555,2,10,29.0
2024-10-17,29.0,22.7,7.8,25.03333333333333,85.79166666666667,1009.5875,12.908333333333333,7.8,29.4,28.6,29.2,29.26666666666667,29.328571428571426,85.5138888888889,1010.1263888888889,3,10,28.8
2024-10-18,28.8,23.0,2.6,25.09583333333333,85.75,1010.1333333333333,11.145833333333334,2.6,29.0,29.4,29.7,29.066666666666666,29.2,85.72222222222223,1009.9375,4,10,30.3
2024-10-19,30.3,22.0,0.9,25.295833333333334,82.95833333333333,1011.3708333333334,8.145833333333334,0.9,28.8,29.4,29.5,29.36666666666667,29.314285714285717,84.83333333333333,1010.3638888888889,5,10,29.4
2024-10-20,29.4,21.4,5.9,24.383333333333336,85.41666666666667,1012.6999999999999,7.566666666666666,5.8999999999999995,30.3,29.0,29.7,29.500000000000004,29.27142857142857,84.70833333333333,1011.4013888888888,6,10,29.6
2024-10-21,29.6,20.8,1.2,24.804166666666664,82.95833333333333,1012.5875,5.6875,1.2,29.4,28.8,28.6,29.76666666666667,29.414285714285715,83.77777777777777,1012.2194444444444,0,10,29.5
2024-10-22,29.5,20.9,6.1,24.191666666666666,85.75,1012.6166666666667,4.216666666666667,6.1000000000000005,29.6,30.3,29.4,29.500000000000004,29.428571428571427,84.70833333333333,1012.6347222222222,1,10,30.5
2024-10-23,30.5,21.0,0.0,24.954166666666666,73.375,1011.3125,7.766666666666667,0.0,29.5,29.4,29.4,29.86666666666667,29.58571428571429,80.69444444444444,1012.1722222222223,2,10,30.7
2024-10-24,30.7,19.5,0.0,24.291666666666668,70.0,1010.3791666666666,7.579166666666667,0.0,30.5,29.6,29.0,30.233333333333338,29.82857142857143,76.375,1011.4361111111111,3,10,30.1
2024-10-25,30.1,19.9,0.0,24.270833333333332,62.333333333333336,1010.1708333333332,10.125,0.0,30.7,29.5,28.8,30.433333333333337,30.014285714285712,68.56944444444444,1010.6208333333333,4,10,30.2
2024-10-26,30.2,20.3,0.4,24.454166666666666,65.25,1010.0500000000001,11.1875,0.39999999999999997,30.1,30.5,30.3,30.33333333333334,30.0,65.86111111111111,1010.1999999999999,5,10,30.5
2024-10-27,30.5,18.7,0.0,24.558333333333334,66.29166666666667,1009.0291666666667,6.583333333333333,0.0,30.2,30.7,29.4,30.26666666666667,30.157142857142862,64.625,1009.75,6,10,30.3
2024-10-28,30.3,19.5,0.0,24.770833333333332,66.04166666666667,1008.3583333333332,4.054166666666666,0.0,30.5,30.1,29.6,30.333333333333332,30.257142857142856,65.86111111111111,1009.1458333333334,0,10,30.5
2024-10-29,30.5,20.0,0.1,25.458333333333332,68.5,1009.6666666666666,3.725,0.1,30.3,30.2,29.5,30.433333333333337,30.4,66.94444444444444,1009.0180555555554,1,10,30.2
2024-10-30,30.2,21.5,6.5,24.425,82.20833333333333,1011.2875,6.070833333333333,6.5,30.5,30.5,30.5,30.333333333333332,30.357142857142858,72.25,1009.7708333333334,2,10,28.7
2024-10-31,28.7,21.1,11.3,24.416666666666668,84.58333333333333,1012.4,6.379166666666666,11.3,30.2,30.3,30.7,29.8,30.071428571428573,78.43055555555556,1011.1180555555555,3,10,30.1
2024-11-01,30.1,21.3,6.1,24.429166666666664,84.54166666666667,1013.6750000000001,6.204166666666667,6.1,28.7,30.5,30.1,29.666666666666668,30.071428571428573,83.77777777777777,1012.4541666666668,4,11,29.2
2024-11-02,29.2,20.7,1.6,24.479166666666668,83.33333333333333,1013.8583333333332,7.3500000000000005,1.6,30.1,30.2,30.2,29.333333333333332,29.928571428571427,84.15277777777779,1013.3111111111111,5,11,28.4
2024-11-03,28.4,20.6,1.2,24.3625,79.08333333333333,1013.9833333333332,7.266666666666667,1.2,29.2,28.7,30.5,29.233333333333334,29.628571428571426,82.31944444444444,1013.8388888888888,6,11,29.5
2024-11-04,29.5,20.4,0.0,24.491666666666664,73.29166666666667,1012.975,6.0125,0.0,28.4,30.1,30.3,29.033333333333335,29.514285714285712,78.56944444444444,1013.6055555555555,0,11,29.7
2024-11-05,29.7,18.5,0.0,24.09583333333333,66.58333333333333,1013.2624999999999,6.995833333333334,0.0,29.5,29.2,30.5,29.2,29.400000000000002,72.9861111111111,1013.4069444444444,1,11,30.2
2024-11-06,30.2,18.1,0.0,23.808333333333334,61.125,1013.5666666666666,8.395833333333334,0.0,29.7,28.4,30.2,29.8,29.4,67.0,1013.2680555555556,2,11,29.8
2024-11-07,29.8,17.8,0.0,23.325,61.0,1013.6,7.141666666666667,0.0,30.2,29.5,28.7,29.900000000000006,29.557142857142857,62.90277777777777,1013.4763888888889,3,11,29.6
2024-11-08,29.6,17.6,0.0,23.849999999999998,64.75,1013.5958333333333,6.033333333333334,0.0,29.8,29.7,30.1,29.86666666666667,29.485714285714288,62.291666666666664,1013.5875,4,11,29.8
2024-11-09,29.8,18.2,0.0,23.75,66.20833333333333,1013.6166666666667,7.0625,0.0,29.6,30.2,29.2,29.733333333333334,29.571428571428573,63.98611111111111,1013.6041666666666,5,11,29.9
2024-11-10,29.9,18.5,0.0,24.150000000000002,58.875,1013.3541666666666,9.004166666666666,0.0,29.8,29.8,28.4,29.76666666666667,29.785714285714285,63.27777777777777,1013.5222222222222,6,11,29.3
2024-11-11,29.3,18.8,0.0,23.72083333333333,61.125,1012.875,9.9125,0.0,29.9,29.6,29.5,29.666666666666668,29.75714285714286,62.069444444444436,1013.2819444444444,0,11,29.9
2024-11-12,29.9,20.5,0.0,25.375,58.791666666666664,1012.2583333333333,10.504166666666666,0.0,29.3,29.8,29.7,29.700000000000003,29.785714285714285,59.59722222222222,1012.8291666666668,1,11,30.3
2024-11-13,30.3,22.5,0.0,26.295833333333334,57.5,1011.6374999999999,8.858333333333333,0.0,29.9,29.9,30.2,29.833333333333332,29.8,59.138888888888886,1012.2569444444445,2,11,29.5
2024-11-14,29.5,21.9,1.0,25.09166666666667,75.58333333333333,1013.0541666666667,5.954166666666667,1.0,30.3,29.3,29.8,29.900000000000002,29.757142857142856,63.958333333333336,1012.3166666666666,3,11,30.7
2024-11-15,30.7,21.6,1.4,26.09166666666667,66.95833333333333,1013.375,6.8999999999999995,1.4,29.5,29.9,29.6,30.166666666666668,29.914285714285715,66.68055555555556,1012.6888888888889,4,11,30.6
2024-11-16,30.6,21.9,0.0,25.97083333333333,49.083333333333336,1012.8416666666667,7.579166666666667,0.0,30.7,30.3,29.8,30.26666666666667,30.02857142857143,63.875,1013.0902777777778,5,11,29.5
2024-11-17,29.5,20.8,0.0,24.787499999999998,46.625,1013.0749999999999,8.4375,0.0,30.6,29.5,29.9,30.26666666666667,29.97142857142857,54.22222222222222,1013.0972222222222,6,11,28.6
2024-11-18,28.6,19.9,0.0,23.88333333333333,49.75,1013.8625000000001,7.595833333333334,0.0,29.5,30.7,29.3,29.566666666666674,29.87142857142857,48.486111111111114,1013.2597222222222,0,11,28.3
2024-11-19,28.3,19.6,0.0,23.641666666666666,48.666666666666664,1014.5958333333333,6.904166666666666,0.0,28.6,30.6,29.9,28.8,29.642857142857142,48.34722222222222,1013.8444444444444,1,11,28.1
2024-11-20,28.1,18.8,0.0,23.358333333333334,49.333333333333336,1014.0749999999999,6.095833333333334,0.0,28.3,29.5,30.3,28.33333333333334,29.32857142857143,49.25,1014.1777777777778,2,11,28.3
2024-11-21,28.3,19.2,0.0,23.604166666666668,49.083333333333336,1013.6583333333333,5.6625000000000005,0.0,28.1,28.6,29.5,28.233333333333338,29.157142857142862,49.02777777777777,1014.1097222222221,3,11,28.6
2024-11-22,28.6,19.1,0.0,23.579166666666666,49.208333333333336,1013.4375,6.354166666666667,0.0,28.3,28.3,30.7,28.33333333333334,28.857142857142858,49.208333333333336,1013.723611111111,4,11,28.3
2024-11-23,28.3,19.0,0.0,23.40833333333333,51.5,1014.3125,4.370833333333334,0.0,28.6,28.1,30.6,28.400000000000002,28.528571428571432,49.93055555555555,1013.8027777777778,5,11,28.4
2024-11-24,28.4,19.4,0.0,23.5125,53.0,1014.3708333333334,5.4875,0.0,28.3,28.3,29.5,28.433333333333337,28.37142857142857,51.236111111111114,1014.0402777777778,6,11,27.5
2024-11-25,27.5,18.6,0.0,22.741666666666664,52.166666666666664,1014.0666666666666,7.470833333333334,0.0,28.4,28.6,28.6,28.066666666666666,28.214285714285715,52.22222222222222,1014.25,0,11,28.8
2024-11-26,28.8,18.6,0.0,23.34166666666667,50.125,1013.2083333333334,7.25,0.0,27.5,28.3,28.3,28.233333333333338,28.285714285714285,51.763888888888886,1013.8819444444445,1,11,27.5
2024-11-27,27.5,18.9,0.0,22.858333333333334,44.541666666666664,1012.5708333333333,8.375,0.0,28.8,28.4,28.1,27.933333333333337,28.2,48.944444444444436,1013.2819444444444,2,11,26.9
2024-11-28,26.9,18.0,0.0,22.045833333333334,43.958333333333336,1012.4458333333333,11.325000000000001,0.0,27.5,27.5,28.3,27.733333333333334,28.0,46.208333333333336,1012.7416666666668,3,11,29.0
2024-11-29,29.0,17.9,0.0,23.354166666666668,53.166666666666664,1011.9041666666667,8.966666666666667,0.0,26.9,28.8,28.6,27.8,28.057142857142857,47.22222222222222,1012.3069444444445,4,11,29.1
2024-11-30,29.1,21.1,0.0,24.708333333333332,63.875,1010.1750000000001,10.049999999999999,0.0,29.0,27.5,28.3,28.333333333333332,28.17142857142857,53.666666666666664,1011.5083333333333,5,11,28.1
2024-12-01,28.1,22.1,0.7,24.683333333333334,75.625,1008.5791666666668,11.120833333333332,0.7000000000000001,29.1,26.9,28.4,28.733333333333338,28.12857142857143,64.22222222222221,1010.2194444444445,6,12,27.3
2024-12-02,27.3,21.7,4.2,23.679166666666664,85.16666666666667,1009.3791666666666,11.091666666666667,4.2,28.1,29.0,27.5,28.16666666666667,28.1,74.8888888888889,1009.3777777777777,0,12,27.4
2024-12-03,27.4,21.3,3.5,23.666666666666668,86.20833333333333,1011.8625000000001,10.020833333333334,3.5,27.3,29.1,28.8,27.600000000000005,27.900000000000002,82.33333333333333,1009.9402777777777,1,12,28.3
2024-12-04,28.3,21.8,0.8,24.71666666666667,79.66666666666667,1012.7833333333333,7.804166666666667,0.8,27.4,28.1,27.5,27.666666666666668,28.014285714285712,83.68055555555556,1011.3416666666667,2,12,27.4
2024-12-05,27.4,21.1,12.2,23.912499999999998,84.66666666666667,1013.375,6.825,12.200000000000001,28.3,27.3,26.9,27.700000000000003,28.085714285714285,83.51388888888889,1012.6736111111112,3,12,29.1
2024-12-06,29.1,21.6,3.1,24.741666666666664,78.41666666666667,1012.9916666666667,4.683333333333334,3.1,27.4,27.4,29.0,28.26666666666667,28.099999999999998,80.91666666666667,1013.0499999999998,4,12,30.0
2024-12-07,30.0,21.1,1.4,25.079166666666666,73.25,1012.1791666666667,3.4291666666666667,1.4,29.1,28.3,29.1,28.833333333333332,28.228571428571428,78.77777777777777,1012.848611111111,5,12,28.7
2024-12-08,28.7,21.8,1.1,24.516666666666666,78.04166666666667,1012.1625,3.65,1.1,30.0,27.4,28.1,29.26666666666667,28.314285714285717,76.56944444444444,1012.4444444444443,6,12,27.8
2024-12-09,27.8,21.4,1.0,24.304166666666664,76.79166666666667,1012.3916666666668,3.4333333333333336,1.0,28.7,29.1,27.3,28.833333333333332,28.385714285714283,76.02777777777779,1012.2444444444445,0,12,28.2
2024-12-10,28.2,21.0,0.6,23.808333333333334,72.33333333333333,1013.2291666666666,7.916666666666667,0.6,27.8,30.0,27.4,28.233333333333334,28.5,75.72222222222223,1012.5944444444444,1,12,27.2
2024-12-11,27.2,18.6,0.0,22.537499999999998,56.083333333333336,1013.9375,7.508333333333333,0.0,28.2,28.7,28.3,27.733333333333334,28.342857142857145,68.40277777777779,1013.1861111111111,2,12,27.4
2024-12-12,27.4,17.5,0.0,22.204166666666666,53.291666666666664,1013.3874999999999,4.308333333333334,0.0,27.2,27.8,27.4,27.600000000000005,28.342857142857145,60.56944444444445,1013.5180555555554,3,12,26.9
2024-12-13,26.9,18.0,0.0,22.195833333333336,52.541666666666664,1013.9916666666667,6.8625,0.0,27.4,28.2,29.1,27.166666666666668,28.02857142857143,53.97222222222222,1013.7722222222222,4,12,26.6
2024-12-14,26.6,17.5,0.0,21.72083333333333,54.0,1015.475,7.5249999999999995,0.0,26.9,27.2,30.0,26.96666666666667,27.542857142857144,53.27777777777777,1014.2847222222222,5,12,26.6
2024-12-15,26.6,16.9,0.0,21.275000000000002,50.791666666666664,1016.225,6.1125,0.0,26.6,27.4,28.7,26.700000000000003,27.24285714285714,52.444444444444436,1015.2305555555555,6,12,27.0
2024-12-16,27.0,15.5,0.0,20.966666666666665,47.291666666666664,1014.85,5.954166666666667,0.0,26.6,26.9,27.8,26.733333333333338,27.12857142857143,50.69444444444445,1015.5166666666668,0,12,27.5
2024-12-17,27.5,15.3,0.0,21.245833333333334,53.25,1013.5041666666666,4.129166666666666,0.0,27.0,26.6,28.2,27.033333333333335,27.02857142857143,50.44444444444445,1014.8597222222223,1,12,28.0
2024-12-18,28.0,16.7,0.0,22.375,53.25,1012.3916666666668,5.329166666666667,0.0,27.5,26.6,27.2,27.5,27.142857142857142,51.263888888888886,1013.5819444444445,2,12,28.9
2024-12-19,28.9,18.5,0.0,23.625,57.958333333333336,1011.8458333333333,6.095833333333334,0.0,28.0,27.0,27.4,28.133333333333336,27.357142857142858,54.81944444444445,1012.5805555555556,3,12,29.4
2024-12-20,29.4,20.9,0.0,24.745833333333334,72.45833333333333,1011.1416666666668,4.7749999999999995,0.0,28.9,27.5,26.9,28.76666666666667,27.714285714285715,61.22222222222223,1011.7930555555557,4,12,29.9
2024-12-21,29.9,20.0,0.0,24.59583333333333,69.0,1011.4708333333333,6.1625000000000005,0.0,29.4,28.0,26.6,29.400000000000002,28.185714285714283,66.47222222222223,1011.4861111111112,5,12,28.5
2024-12-22,28.5,20.2,0.0,24.0625,64.95833333333333,1012.4458333333333,6.933333333333334,0.0,29.9,28.9,26.6,29.26666666666667,28.457142857142856,68.80555555555556,1011.6861111111111,6,12,28.6
2024-12-23,28.6,19.8,0.0,24.041666666666668,63.416666666666664,1012.4916666666667,6.825,0.0,28.5,29.4,27.0,29.0,28.685714285714287,65.79166666666666,1012.1361111111111,0,12,28.5
2024-12-24,28.5,21.0,0.0,24.349999999999998,58.916666666666664,1012.5541666666667,7.508333333333333,0.0,28.6,29.9,27.5,28.533333333333335,28.82857142857143,62.430555555555564,1012.4972222222223,1,12,27.7
2024-12-25,27.7,20.0,0.1,23.179166666666664,74.625,1014.4208333333332,8.299999999999999,0.1,28.5,28.5,28.0,28.26666666666667,28.785714285714285,65.65277777777777,1013.1555555555556,2,12,25.9
2024-12-26,25.9,20.6,0.5,22.400000000000002,84.375,1016.975,10.208333333333334,0.5,27.7,28.6,28.9,27.36666666666667,28.357142857142858,72.6388888888889,1014.65,3,12,26.4
2024-12-27,26.4,20.6,1.9,22.820833333333336,77.125,1017.4166666666666,12.0375,1.9,25.9,28.5,29.4,26.666666666666668,27.928571428571427,78.70833333333333,1016.2708333333334,4,12,27.9
2024-12-28,27.9,18.8,0.0,23.03333333333333,71.58333333333333,1016.7416666666667,8.9625,0.0,26.4,27.7,29.9,26.733333333333334,27.642857142857142,77.69444444444444,1017.0444444444444,5,12,28.9
2024-12-29,28.9,19.3,0.0,23.7375,66.58333333333333,1016.6291666666666,7.0375000000000005,0.0,27.9,25.9,28.5,27.733333333333334,27.7,71.76388888888887,1016.9291666666667,6,12,30.0
2024-12-30,30.0,19.4,0.0,24.541666666666668,53.666666666666664,1016.4791666666666,5.695833333333333,0.0,28.9,26.4,28.6,28.933333333333334,27.900000000000002,63.944444444444436,1016.6166666666667,0,12,28.7
2024-12-31,28.7,19.9,0.0,24.5,57.166666666666664,1016.8083333333334,5.983333333333333,0.0,30.0,27.9,28.5,29.200000000000003,27.928571428571427,59.138888888888886,1016.6388888888888,1,12,28.6
2025-01-01,28.6,20.5,0.0,24.275000000000002,57.041666666666664,1015.4291666666667,6.983333333333333,0.0,28.7,28.9,27.7,29.100000000000005,28.057142857142853,55.958333333333336,1016.2388888888889,2,1,28.2
2025-01-02,28.2,18.6,0.0,23.008333333333336,48.208333333333336,1015.4250000000001,7.645833333333333,0.0,28.6,30.0,25.9,28.5,28.385714285714283,54.13888888888889,1015.8875000000002,3,1,28.9
2025-01-03,28.9,18.2,0.0,23.087500000000002,39.666666666666664,1015.5916666666667,7.108333333333333,0.0,28.2,28.7,26.4,28.566666666666666,28.742857142857144,48.30555555555555,1015.4819444444446,4,1,28.9
2025-01-04,28.9,18.5,0.0,23.295833333333334,40.0,1014.1541666666667,7.029166666666666,0.0,28.9,28.6,27.9,28.666666666666668,28.885714285714283,42.625,1015.0569444444445,5,1,28.2
2025-01-05,28.2,16.4,0.0,22.474999999999998,55.916666666666664,1014.0958333333333,5.191666666666666,0.0,28.9,28.2,28.9,28.666666666666668,28.785714285714285,45.194444444444436,1014.6138888888889,6,1,27.5
2025-01-06,27.5,17.7,0.0,22.65416666666667,57.166666666666664,1013.875,5.595833333333334,0.0,28.2,28.9,30.0,28.200000000000003,28.428571428571427,51.02777777777778,1014.0416666666666,0,1,28.6
2025-01-07,28.6,18.0,0.0,23.09166666666667,53.458333333333336,1014.0208333333334,5.729166666666667,0.0,27.5,28.9,28.7,28.100000000000005,28.414285714285715,55.51388888888889,1013.9972222222223,1,1,27.2
2025-01-08,27.2,18.7,0.0,22.604166666666668,46.583333333333336,1014.2916666666666,7.2875000000000005,0.0,28.6,28.2,28.6,27.76666666666667,28.214285714285715,52.40277777777778,1014.0625,2,1,25.8
2025-01-09,25.8,17.0,0.0,21.633333333333336,49.625,1015.5208333333334,7.3999999999999995,0.0,27.2,27.5,28.2,27.200000000000003,27.87142857142857,49.88888888888889,1014.611111111111,3,1,26.4
2025-01-10,26.4,17.3,0.0,22.0,60.291666666666664,1016.7416666666667,8.683333333333334,0.0,25.8,28.6,28.9,26.46666666666667,27.514285714285712,52.166666666666664,1015.5180555555556,4,1,26.8
2025-01-11,26.8,17.8,0.0,22.266666666666666,61.958333333333336,1016.35,8.8375,0.0,26.4,27.2,28.9,26.333333333333332,27.214285714285715,57.291666666666664,1016.2041666666668,5,1,27.7
2025-01-12,27.7,18.0,0.0,22.616666666666664,64.875,1015.8708333333334,8.516666666666667,0.0,26.8,25.8,28.2,26.96666666666667,27.142857142857142,62.375,1016.3208333333333,6,1,28.7
2025-01-13,28.7,19.0,0.0,23.5,57.875,1014.4875000000001,7.441666666666666,0.0,27.7,26.4,27.5,27.733333333333334,27.314285714285713,61.56944444444445,1015.5694444444445,0,1,28.5
2025-01-14,28.5,18.4,0.0,23.425,60.875,1015.6625,8.133333333333333,0.0,28.7,26.8,28.6,28.3,27.3,61.208333333333336,1015.3402777777778,1,1,28.1
2025-01-15,28.1,18.7,0.0,23.104166666666668,64.875,1016.6875,9.154166666666667,0.0,28.5,27.7,27.2,28.433333333333337,27.428571428571427,61.208333333333336,1015.6125000000001,2,1,28.2
2025-01-16,28.2,18.9,0.0,23.40416666666667,63.041666666666664,1016.1291666666666,7.983333333333333,0.0,28.1,28.7,25.8,28.26666666666667,27.771428571428572,62.93055555555555,1016.1597222222222,3,1,28.4
2025-01-17,28.4,18.9,0.0,23.28333333333333,61.875,1015.1791666666667,7.708333333333333,0.0,28.2,28.5,26.4,28.233333333333334,28.057142857142853,63.263888888888886,1015.9986111111111,4,1,26.9
2025-01-18,26.9,18.5,0.0,22.599999999999998,62.708333333333336,1015.0958333333333,6.979166666666667,0.0,28.4,28.1,26.8,27.833333333333332,28.071428571428573,62.541666666666664,1015.4680555555556,5,1,29.3
2025-01-19,29.3,19.0,0.0,23.675,50.791666666666664,1014.8416666666667,5.783333333333334,0.0,26.9,28.2,27.7,28.200000000000003,28.3,58.458333333333336,1015.0388888888889,6,1,29.5
2025-01-20,29.5,19.2,0.0,23.77916666666667,44.333333333333336,1013.9208333333332,6.879166666666666,0.0,29.3,28.4,28.7,28.566666666666666,28.414285714285715,52.611111111111114,1014.6194444444444,0,1,30.5
2025-01-21,30.5,18.2,0.0,24.087500000000002,38.166666666666664,1012.8041666666667,5.479166666666667,0.0,29.5,26.9,28.5,29.76666666666667,28.7,44.43055555555555,1013.8555555555555,1,1,30.1
2025-01-22,30.1,18.6,0.0,24.045833333333334,47.291666666666664,1012.7333333333332,6.616666666666667,0.0,30.5,29.3,28.1,30.033333333333335,28.985714285714288,43.26388888888889,1013.1527777777777,2,1,29.6
2025-01-23,29.6,18.5,0.0,23.40833333333333,60.75,1013.0958333333333,7.608333333333333,0.0,30.1,29.5,28.2,30.066666666666674,29.185714285714283,48.73611111111111,1012.8777777777777,3,1,30.6
2025-01-24,30.6,19.0,0.0,24.145833333333332,56.75,1012.6166666666667,7.291666666666667,0.0,29.6,30.5,28.4,30.100000000000005,29.5,54.930555555555564,1012.8152777777777,4,1,31.3
2025-01-25,31.3,18.3,0.0,24.337500000000002,51.958333333333336,1013.4458333333333,6.033333333333334,0.0,30.6,30.1,26.9,30.5,30.12857142857143,56.486111111111114,1013.0527777777778,5,1,30.1
2025-01-26,30.1,19.6,0.0,24.929166666666664,46.291666666666664,1012.9833333333332,6.408333333333334,0.0,31.3,29.6,29.3,30.66666666666667,30.24285714285714,51.666666666666664,1013.0152777777777,6,1,31.2
2025-01-27,31.2,19.2,0.0,25.079166666666666,48.625,1011.8000000000001,4.691666666666666,0.0,30.1,30.6,29.5,30.86666666666667,30.485714285714288,48.958333333333336,1012.7430555555555,0,1,31.0
2025-01-28,31.0,19.3,0.0,25.116666666666664,46.666666666666664,1012.0458333333332,5.8999999999999995,0.0,31.2,31.3,30.5,30.76666666666667,30.557142857142857,47.194444444444436,1012.2763888888888,1,1,30.5
2025-01-29,30.5,19.8,0.0,24.6875,51.5,1013.9458333333333,6.416666666666667,0.0,31.0,30.1,30.1,30.900000000000002,30.614285714285717,48.93055555555555,1012.5972222222223,2,1,31.0
2025-01-30,31.0,19.3,0.0,24.787499999999998,53.208333333333336,1012.5916666666667,6.779166666666666,0.0,30.5,31.2,29.6,30.833333333333332,30.814285714285717,50.458333333333336,1012.861111111111,3,1,32.4
2025-01-31,32.4,19.6,0.0,25.620833333333334,47.541666666666664,1011.6333333333333,6.091666666666666,0.0,31.0,31.0,30.6,31.3,31.071428571428573,50.75,1012.7236111111112,4,1,32.2
2025-02-01,32.2,21.0,0.0,26.379166666666666,43.666666666666664,1012.2333333333332,7.091666666666666,0.0,32.4,30.5,31.3,31.86666666666667,31.2,48.13888888888889,1012.1527777777777,5,2,32.3
2025-02-02,32.3,21.3,0.0,26.508333333333336,41.833333333333336,1012.6875,6.854166666666667,0.0,32.2,31.0,30.1,32.300000000000004,31.514285714285716,44.34722222222222,1012.1847222222223,6,2,32.2
2025-02-03,32.2,20.9,0.0,26.558333333333334,42.0,1013.1291666666666,6.370833333333334,0.0,32.3,32.4,31.2,32.23333333333334,31.657142857142855,42.5,1012.6833333333334,0,2,33.1
2025-02-04,33.1,20.0,0.0,26.650000000000002,41.75,1013.35,6.633333333333333,0.0,32.2,32.2,31.0,32.53333333333334,31.957142857142856,41.861111111111114,1013.0555555555555,1,2,33.4
2025-02-05,33.4,22.1,0.0,27.604166666666668,38.166666666666664,1011.9833333333332,6.675,0.0,33.1,32.3,30.5,32.900000000000006,32.371428571428574,40.638888888888886,1012.8208333333332,2,2,32.4
2025-02-06,32.4,21.6,0.0,26.925,40.375,1012.3874999999999,6.829166666666667,0.0,33.4,32.2,31.0,32.96666666666667,32.57142857142857,40.09722222222222,1012.5736111111111,3,2,32.1
2025-02-07,32.1,21.9,0.0,26.84583333333333,46.25,1013.7708333333334,6.1499999999999995,0.0,32.4,33.1,32.4,32.63333333333334,32.52857142857143,41.59722222222222,1012.7138888888888,4,2,32.3
2025-02-08,32.3,22.2,0.0,27.104166666666668,44.958333333333336,1013.6291666666666,5.754166666666666,0.0,32.1,33.4,32.2,32.26666666666667,32.542857142857144,43.861111111111114,1013.2624999999999,5,2,31.6
2025-02-09,31.6,22.1,0.0,26.9875,42.208333333333336,1013.1666666666666,7.608333333333333,0.0,32.3,32.4,32.3,32.0,32.44285714285714,44.47222222222223,1013.5222222222222,6,2,32.3
2025-02-10,32.3,21.4,0.0,26.7,48.125,1014.0500000000001,6.945833333333333,0.0,31.6,32.1,32.2,32.06666666666667,32.457142857142856,45.09722222222223,1013.6152777777778,0,2,33.7
2025-02-11,33.7,21.5,0.0,27.295833333333334,44.375,1013.8083333333334,6.283333333333334,0.0,32.3,32.3,33.1,32.53333333333334,32.542857142857144,44.90277777777777,1013.6750000000001,1,2,34.4
2025-02-12,34.4,22.0,0.0,28.025000000000002,40.791666666666664,1013.5375,5.995833333333334,0.0,33.7,31.6,33.4,33.466666666666676,32.68571428571429,44.43055555555555,1013.7986111111112,2,2,33.6
2025-02-13,33.6,21.5,0.0,27.745833333333334,39.25,1013.3166666666666,5.2625,0.0,34.4,32.3,32.4,33.900000000000006,32.857142857142854,41.47222222222222,1013.5541666666667,3,2,32.8
2025-02-14,32.8,22.4,0.0,27.145833333333332,36.583333333333336,1013.3625000000001,4.104166666666667,0.0,33.6,33.7,32.1,33.6,32.957142857142856,38.875,1013.4055555555556,4,2,32.9
2025-02-15,32.9,20.6,0.0,27.02916666666667,34.916666666666664,1012.4416666666666,5.379166666666666,0.0,32.8,34.4,32.3,33.1,33.04285714285714,36.916666666666664,1013.0402777777778,5,2,33.5
2025-02-16,33.5,20.4,0.0,27.1875,33.166666666666664,1012.5791666666668,4.508333333333334,0.0,32.9,33.6,31.6,33.06666666666667,33.31428571428571,34.88888888888889,1012.7944444444446,6,2,34.3
2025-02-17,34.3,21.4,0.0,27.866666666666664,32.041666666666664,1013.475,4.879166666666666,0.0,33.5,32.8,32.3,33.56666666666667,33.6,33.375,1012.8319444444445,0,2,34.7
2025-02-18,34.7,21.9,0.0,28.170833333333334,37.916666666666664,1013.1750000000001,6.083333333333333,0.0,34.3,32.9,33.7,34.16666666666667,33.74285714285714,34.375,1013.076388888889,1,2,34.0
2025-02-19,34.0,23.0,0.0,28.650000000000002,36.75,1011.65,7.075,0.0,34.7,33.5,34.4,34.333333333333336,33.68571428571429,35.56944444444444,1012.7666666666668,2,2,33.9
2025-02-20,33.9,23.4,0.5,28.316666666666666,42.041666666666664,1012.6666666666666,5.429166666666667,0.5,34.0,34.3,33.6,34.20000000000001,33.72857142857143,38.90277777777777,1012.4972222222223,3,2,32.8
2025-02-21,32.8,23.3,0.0,27.787499999999998,48.333333333333336,1014.4166666666666,4.845833333333333,0.0,33.9,34.7,32.8,33.56666666666667,33.72857142857143,42.375,1012.911111111111,4,2,33.9
2025-02-22,33.9,22.3,0.0,28.104166666666668,41.083333333333336,1014.6458333333334,5.6499999999999995,0.0,32.8,34.0,32.9,33.53333333333334,33.871428571428574,43.81944444444445,1013.9097222222222,5,2,33.2
2025-02-23,33.2,23.0,0.0,27.870833333333334,35.916666666666664,1015.1916666666666,7.05,0.0,33.9,33.9,33.5,33.300000000000004,33.82857142857143,41.77777777777778,1014.7513888888889,6,2,32.3
2025-02-24,32.3,22.7,0.0,27.712500000000002,28.583333333333332,1015.4250000000001,8.783333333333333,0.0,33.2,32.8,34.3,33.13333333333334,33.54285714285714,35.19444444444444,1015.0875,0,2,31.8
2025-02-25,31.8,21.1,0.0,26.541666666666668,43.416666666666664,1016.8249999999999,8.595833333333333,0.0,32.3,33.9,34.7,32.43333333333334,33.128571428571426,35.97222222222222,1015.8138888888889,1,2,31.8
2025-02-26,31.8,21.7,0.0,26.895833333333332,43.791666666666664,1016.85,7.666666666666667,0.0,31.8,33.2,34.0,31.96666666666667,32.81428571428571,38.59722222222222,1016.3666666666667,2,2,32.4
2025-02-27,32.4,21.6,0.0,26.995833333333334,43.791666666666664,1015.1791666666667,6.791666666666667,0.0,31.8,32.3,33.9,32.00000000000001,32.6,43.666666666666664,1016.2847222222222,3,2,32.5
2025-02-28,32.5,21.7,0.0,27.21666666666667,48.166666666666664,1014.0,7.379166666666666,0.0,32.4,31.8,32.8,32.23333333333334,32.55714285714286,45.25,1015.3430555555556,4,2,32.8
2025-03-01,32.8,21.6,0.0,27.258333333333336,43.625,1013.1083333333332,8.658333333333333,0.0,32.5,31.8,33.9,32.56666666666667,32.4,45.19444444444445,1014.0958333333333,5,3,34.5
2025-03-02,34.5,22.5,0.0,28.508333333333336,36.541666666666664,1011.0541666666667,6.8374999999999995,0.0,32.8,32.4,33.2,33.26666666666667,32.58571428571429,42.77777777777777,1012.7208333333333,6,3,35.6
2025-03-03,35.6,23.5,0.0,29.941666666666666,28.666666666666668,1010.9875000000001,6.070833333333333,0.0,34.5,32.5,32.3,34.300000000000004,33.05714285714286,36.27777777777778,1011.7166666666666,0,3,36.0
2025-03-04,36.0,22.8,0.0,29.887500000000003,31.875,1011.1750000000001,6.066666666666666,0.0,35.6,32.8,31.8,35.366666666666674,33.65714285714286,32.361111111111114,1011.0722222222222,1,3,33.7
2025-03-05,33.7,23.9,0.0,28.724999999999998,30.625,1011.8958333333334,7.5874999999999995,0.0,36.0,34.5,31.8,35.1,33.92857142857143,30.38888888888889,1011.3527777777778,2,3,32.5
2025-03-06,32.5,21.1,0.0,26.941666666666666,22.75,1013.2041666666668,7.4375,0.0,33.7,35.6,32.4,34.06666666666667,33.94285714285714,28.416666666666668,1012.0916666666667,3,3,33.4
2025-03-07,33.4,19.3,0.0,27.191666666666666,26.791666666666668,1011.1416666666668,5.770833333333333,0.0,32.5,36.0,32.5,33.20000000000001,34.07142857142857,26.722222222222218,1012.0805555555556,4,3,35.8
2025-03-08,35.8,19.8,0.0,28.337500000000002,28.0,1009.2208333333333,4.508333333333334,0.0,33.4,33.7,32.8,33.9,34.5,25.847222222222218,1011.1888888888889,5,3,34.7
2025-03-09,34.7,22.6,0.0,28.775000000000002,33.625,1010.5958333333333,7.779166666666666,0.0,35.8,32.5,34.5,34.63333333333334,34.528571428571425,29.472222222222218,1010.3194444444443,6,3,32.6
2025-03-10,32.6,20.7,0.0,27.125,52.666666666666664,1013.975,9.329166666666667,0.0,34.7,33.4,35.6,34.366666666666674,34.1,38.09722222222222,1011.2638888888888,0,3,33.6
2025-03-11,33.6,22.1,0.0,28.083333333333332,45.5,1014.0083333333333,7.875,0.0,32.6,35.8,36.0,33.63333333333334,33.75714285714286,43.93055555555555,1012.8597222222221,1,3,35.8
2025-03-12,35.8,22.4,0.0,29.224999999999998,38.041666666666664,1011.4958333333333,6.383333333333333,0.0,33.6,34.7,33.7,34.00000000000001,34.05714285714286,45.40277777777777,1013.1597222222222,2,3,37.6
2025-03-13,37.6,23.7,0.0,30.6125,32.541666666666664,1010.1208333333334,7.1625000000000005,0.0,35.8,32.6,32.5,35.666666666666664,34.785714285714285,38.69444444444445,1011.875,3,3,37.4
2025-03-14,37.4,25.5,0.0,31.6375,29.5,1010.1625,7.220833333333334,0.0,37.6,33.6,33.4,36.93333333333334,35.357142857142854,33.361111111111114,1010.5930555555556,4,3,37.4
2025-03-15,37.4,26.0,0.0,31.3875,26.791666666666668,1011.0833333333334,8.2875,0.0,37.4,35.8,35.8,37.46666666666667,35.58571428571428,29.61111111111111,1010.4555555555556,5,3,37.2
2025-03-16,37.2,25.8,0.0,31.47083333333333,21.541666666666668,1011.0958333333333,10.066666666666666,0.0,37.4,37.6,34.7,37.33333333333334,35.94285714285714,25.944444444444446,1010.7805555555556,6,3,37.6
2025-03-17,37.6,24.9,0.0,31.179166666666664,25.5,1010.5666666666666,7.420833333333333,0.0,37.2,37.4,32.6,37.400000000000006,36.65714285714286,24.611111111111114,1010.9152777777778,0,3,37.0
2025-03-18,37.0,26.2,0.0,31.391666666666666,28.041666666666668,1010.4916666666667,7.541666666666667,0.0,37.6,37.4,33.6,37.26666666666667,37.142857142857146,25.027777777777775,1010.7180555555555,1,3,36.1
2025-03-19,36.1,24.6,0.0,30.233333333333334,32.541666666666664,1012.2624999999999,10.845833333333333,0.0,37.0,37.2,35.8,36.900000000000006,37.18571428571429,28.694444444444446,1011.1069444444444,2,3,35.3
2025-03-20,35.3,22.1,0.0,28.758333333333336,51.5,1013.7125,9.200000000000001,0.0,36.1,37.6,37.6,36.13333333333333,36.857142857142854,37.361111111111114,1012.1555555555555,3,3,35.8
2025-03-21,35.8,22.4,0.0,28.991666666666664,49.166666666666664,1013.3874999999999,8.395833333333334,0.0,35.3,37.0,37.4,35.73333333333334,36.628571428571426,44.40277777777777,1013.1208333333333,4,3,33.8
2025-03-22,33.8,23.0,0.5,27.179166666666664,60.541666666666664,1013.1833333333334,8.549999999999999,0.5,35.8,36.1,37.4,34.96666666666667,36.114285714285714,53.736111111111114,1013.4277777777778,5,3,32.3
2025-03-23,32.3,22.8,0.1,27.645833333333332,62.791666666666664,1013.5333333333333,4.645833333333333,0.1,33.8,35.3,37.2,33.96666666666667,35.41428571428572,57.5,1013.3680555555555,6,3,33.3
2025-03-24,33.3,22.8,0.0,28.258333333333336,56.208333333333336,1013.1208333333334,6.154166666666666,0.0,32.3,35.8,37.6,33.13333333333333,34.8,59.84722222222223,1013.2791666666667,0,3,34.5
2025-03-25,34.5,23.0,0.0,29.22083333333333,43.666666666666664,1010.1750000000001,5.320833333333334,0.0,33.3,33.8,37.0,33.36666666666667,34.442857142857136,54.22222222222223,1012.276388888889,1,3,36.2
2025-03-26,36.2,24.0,0.0,30.012500000000003,35.5,1008.5791666666668,7.325,0.0,34.5,32.3,36.1,34.66666666666668,34.457142857142856,45.125,1010.6250000000001,2,3,37.5
2025-03-27,37.5,25.1,0.0,30.866666666666664,32.875,1008.1083333333332,8.554166666666667,0.0,36.2,33.3,35.3,36.06666666666667,34.77142857142857,37.34722222222222,1008.9541666666668,3,3,37.8
2025-03-28,37.8,26.1,0.0,31.795833333333334,30.625,1007.5208333333334,6.0,0.0,37.5,34.5,35.8,37.166666666666664,35.05714285714286,33.0,1008.0694444444445,4,3,37.6
2025-03-29,37.6,26.2,0.0,31.925,31.166666666666668,1007.6125000000001,6.1499999999999995,0.0,37.8,36.2,33.8,37.63333333333334,35.6,31.555555555555557,1007.7472222222223,5,3,38.1
2025-03-30,38.1,26.8,0.0,32.050000000000004,29.0,1008.7916666666666,7.129166666666666,0.0,37.6,37.5,32.3,37.833333333333336,36.42857142857143,30.26388888888889,1007.975,6,3,37.0
2025-03-31,37.0,26.1,0.0,31.266666666666666,27.958333333333332,1009.2125,7.270833333333333,0.0,38.1,37.8,33.3,37.56666666666667,36.957142857142856,29.375,1008.5388888888889,0,3,35.2
2025-04-01,35.2,23.8,0.0,29.425,47.083333333333336,1009.0041666666666,8.008333333333333,0.0,37.0,37.6,34.5,36.76666666666667,37.057142857142864,34.68055555555556,1009.0027777777777,1,4,32.8
2025-04-02,32.8,23.3,0.0,28.120833333333334,54.708333333333336,1010.4166666666666,8.241666666666667,0.0,35.2,38.1,36.2,35.00000000000001,36.57142857142857,43.25,1009.5444444444444,2,4,30.3
2025-04-03,30.3,21.6,9.4,25.787499999999998,71.5,1012.5583333333334,5.970833333333334,9.399999999999999,32.8,37.0,37.5,32.76666666666667,35.54285714285714,57.76388888888889,1010.6597222222222,3,4,30.6
2025-04-04,30.6,21.4,3.0,25.741666666666664,74.125,1012.5375,4.470833333333333,3.0,30.3,35.2,37.8,31.233333333333338,34.51428571428572,66.77777777777777,1011.8375,4,4,32.5
2025-04-05,32.5,23.6,0.0,27.75,62.625,1010.9166666666666,4.879166666666666,0.0,30.6,32.8,37.6,31.13333333333334,33.785714285714285,69.41666666666667,1012.0041666666667,5,4,34.5
2025-04-06,34.5,23.1,0.0,28.6375,54.166666666666664,1009.4958333333334,5.875,0.0,32.5,30.3,38.1,32.53333333333334,33.271428571428565,63.63888888888889,1010.9833333333335,6,4,36.1
2025-04-07,36.1,23.8,0.0,29.8625,40.916666666666664,1009.5291666666667,7.1125,0.0,34.5,30.6,37.0,34.366666666666674,33.142857142857146,52.569444444444436,1009.9805555555555,0,4,35.6
2025-04-08,35.6,23.9,0.1,29.712500000000002,47.375,1011.0416666666666,6.754166666666666,0.1,36.1,32.5,35.2,35.400000000000006,33.2,47.48611111111111,1010.0222222222222,1,4,36.8
2025-04-09,36.8,23.8,0.0,30.3,46.916666666666664,1009.7958333333332,6.908333333333334,0.0,35.6,34.5,32.8,36.16666666666667,33.771428571428565,45.06944444444445,1010.1222222222223,2,4,37.1
2025-04-10,37.1,25.4,0.0,30.816666666666666,39.458333333333336,1006.7458333333334,6.625,0.0,36.8,36.1,30.3,36.5,34.74285714285715,44.583333333333336,1009.1944444444445,3,4,37.0
2025-04-11,37.0,24.3,0.0,31.0,35.333333333333336,1005.8874999999999,9.029166666666667,0.0,37.1,35.6,30.6,36.96666666666667,35.65714285714286,40.56944444444445,1007.4763888888889,4,4,37.1
2025-04-12,37.1,25.3,0.0,31.712500000000002,27.166666666666668,1007.4708333333333,8.9,0.0,37.0,36.8,32.5,37.06666666666667,36.31428571428572,33.986111111111114,1006.701388888889,5,4,37.0
2025-04-13,37.0,25.1,0.0,31.337500000000002,27.916666666666668,1008.9666666666667,6.166666666666667,0.0,37.1,37.1,34.5,37.03333333333334,36.67142857142857,30.13888888888889,1007.4416666666666,6,4,36.9
2025-04-14,36.9,24.9,0.0,31.229166666666668,34.25,1008.5541666666667,6.6875,0.0,37.0,37.0,36.1,37.00000000000001,36.785714285714285,29.777777777777782,1008.3305555555556,0,4,36.2
2025-04-15,36.2,25.6,0.0,31.233333333333334,35.333333333333336,1008.5541666666667,7.495833333333334,0.0,36.9,37.1,35.6,36.70000000000001,36.871428571428574,32.5,1008.6916666666666,1,4,36.2
2025-04-16,36.2,24.3,0.0,30.504166666666666,51.041666666666664,1008.6374999999999,9.25,0.0,36.2,37.0,36.8,36.43333333333334,36.785714285714285,40.208333333333336,1008.5819444444445,2,4,35.9
2025-04-17,35.9,25.1,0.3,30.1125,53.625,1007.8375,7.254166666666666,0.30000000000000004,36.2,36.9,37.1,36.1,36.614285714285714,46.666666666666664,1008.3430555555555,3,4,37.2
2025-04-18,37.2,25.6,0.0,31.375,44.458333333333336,1007.0166666666668,6.591666666666666,0.0,35.9,36.2,37.0,36.433333333333344,36.642857142857146,49.708333333333336,1007.8305555555556,4,4,35.3
2025-04-19,35.3,26.7,1.7,30.770833333333332,49.583333333333336,1007.1625,6.175,1.7,37.2,36.2,37.1,36.13333333333334,36.385714285714286,49.22222222222223,1007.338888888889,5,4,37.9
2025-04-20,37.9,27.3,0.0,32.78333333333333,39.208333333333336,1007.0500000000001,6.420833333333333,0.0,35.3,35.9,37.0,36.800000000000004,36.51428571428571,44.416666666666664,1007.076388888889,6,4,37.8
2025-04-21,37.8,26.7,0.1,32.44583333333333,42.5,1009.3000000000001,6.870833333333334,0.1,37.9,37.2,36.9,37.0,36.642857142857146,43.76388888888889,1007.8375,0,4,38.5
2025-04-22,38.5,27.7,0.1,33.28333333333333,38.25,1009.8958333333334,5.279166666666667,0.1,37.8,35.3,36.2,38.06666666666667,36.971428571428575,39.98611111111111,1008.7486111111111,1,4,38.3
2025-04-23,38.3,28.0,0.0,33.17916666666667,37.0,1008.2166666666667,7.6000000000000005,0.0,38.5,37.9,36.2,38.199999999999996,37.271428571428565,39.25,1009.1374999999999,2,4,38.7
2025-04-24,38.7,27.8,0.0,33.6375,32.458333333333336,1007.1458333333334,7.8374999999999995,0.0,38.3,37.8,35.9,38.50000000000001,37.67142857142857,35.90277777777778,1008.4194444444444,3,4,38.4
2025-04-25,38.4,28.9,0.0,33.458333333333336,34.583333333333336,1007.6625,6.066666666666666,0.0,38.7,38.5,37.2,38.466666666666676,37.84285714285714,34.68055555555556,1007.6750000000001,4,4,37.6
2025-04-26,37.6,27.0,0.0,32.4125,41.75,1007.75,5.720833333333334,0.0,38.4,38.3,35.3,38.23333333333334,38.17142857142857,36.26388888888889,1007.5194444444445,5,4,32.9
2025-04-27,32.9,24.7,8.2,29.162499999999998,61.708333333333336,1009.7166666666667,5.375,8.2,37.6,38.7,37.9,36.300000000000004,37.457142857142856,46.01388888888889,1008.3763888888889,6,4,37.0
2025-04-28,37.0,24.9,0.0,30.775000000000002,47.458333333333336,1007.8333333333334,5.941666666666666,0.0,32.9,38.4,37.8,35.833333333333336,37.34285714285714,50.305555555555564,1008.4333333333334,0,4,36.9
2025-04-29,36.9,25.0,0.0,31.245833333333334,44.541666666666664,1006.9916666666667,7.675,0.0,37.0,37.6,38.5,35.6,37.114285714285714,51.236111111111114,1008.1805555555557,1,4,38.4
2025-04-30,38.4,25.6,0.0,32.275,41.208333333333336,1006.8541666666666,8.433333333333334,0.0,36.9,32.9,38.3,37.43333333333334,37.128571428571426,44.40277777777777,1007.2263888888889,2,4,37.9
2025-05-01,37.9,25.2,0.0,31.683333333333334,49.833333333333336,1007.9916666666667,6.933333333333334,0.0,38.4,37.0,38.7,37.73333333333334,37.01428571428571,45.19444444444445,1007.2791666666667,3,5,38.7
2025-05-02,38.7,25.5,0.0,32.22083333333333,45.125,1007.9916666666667,7.745833333333334,0.0,37.9,36.9,38.4,38.333333333333336,37.057142857142864,45.38888888888889,1007.6124999999998,4,5,38.6
2025-05-03,38.6,26.2,0.0,32.34583333333333,40.75,1006.9791666666666,8.4375,0.0,38.7,38.4,37.6,38.400000000000006,37.199999999999996,45.236111111111114,1007.6541666666667,5,5,38.5
2025-05-04,38.5,26.1,0.0,31.46666666666667,38.75,1006.525,6.670833333333333,0.0,38.6,37.9,32.9,38.6,38.0,41.541666666666664,1007.1652777777778,6,5,37.5
2025-05-05,37.5,23.9,0.0,31.425,42.583333333333336,1006.5208333333334,7.3125,0.0,38.5,38.7,37.0,38.20000000000001,38.07142857142857,40.69444444444444,1006.6750000000001,0,5,36.8
2025-05-06,36.8,24.9,0.0,31.370833333333334,39.083333333333336,1007.7083333333334,4.958333333333333,0.0,37.5,38.6,36.9,37.6,38.05714285714286,40.13888888888889,1006.9180555555555,1,5,36.0
2025-05-07,36.0,24.8,0.8,31.224999999999998,37.583333333333336,1007.0124999999999,7.329166666666667,0.8,36.8,38.5,38.4,36.76666666666667,37.714285714285715,39.75000000000001,1007.0805555555556,2,5,35.2
2025-05-08,35.2,26.4,0.0,31.045833333333334,36.208333333333336,1007.2958333333332,6.879166666666666,0.0,36.0,37.5,37.9,36.00000000000001,37.32857142857143,37.625,1007.3388888888888,3,5,35.6
2025-05-09,35.6,25.1,0.0,30.920833333333334,40.375,1008.2583333333333,7.358333333333333,0.0,35.2,36.8,38.7,35.6,36.885714285714286,38.05555555555555,1007.5222222222222,4,5,36.5
2025-05-10,36.5,26.7,0.0,31.766666666666666,38.791666666666664,1008.0500000000001,6.4875,0.0,35.6,36.0,38.6,35.76666666666667,36.58571428571428,38.458333333333336,1007.8680555555557,5,5,37.6
2025-05-11,37.6,27.4,0.2,32.208333333333336,41.416666666666664,1006.8208333333333,6.5249999999999995,0.2,36.5,35.2,38.5,36.56666666666667,36.457142857142856,40.194444444444436,1007.7097222222222,6,5,37.0
2025-05-12,37.0,26.3,0.0,32.166666666666664,43.208333333333336,1005.9166666666666,7.404166666666666,0.0,37.6,35.6,37.5,37.03333333333334,36.385714285714286,41.138888888888886,1006.9291666666668,0,5,36.5
2025-05-13,36.5,26.1,0.0,31.25,49.083333333333336,1006.1374999999999,5.8500000000000005,0.0,37.0,36.5,36.8,37.03333333333334,36.34285714285714,44.56944444444445,1006.2916666666666,1,5,36.9
2025-05-14,36.9,25.5,0.2,30.895833333333332,51.125,1007.0041666666666,5.1875,0.2,36.5,37.6,36.0,36.800000000000004,36.471428571428575,47.805555555555564,1006.3527777777778,2,5,33.6
2025-05-15,33.6,22.8,11.5,29.28333333333333,60.916666666666664,1007.625,5.170833333333333,11.5,36.9,37.0,35.2,35.66666666666667,36.24285714285715,53.708333333333336,1006.9222222222221,3,5,35.5
2025-05-16,35.5,25.0,0.3,29.916666666666668,56.666666666666664,1006.9250000000001,4.479166666666667,0.30000000000000004,33.6,36.5,35.6,35.333333333333336,36.22857142857143,56.23611111111111,1007.1847222222223,4,5,34.9
2025-05-17,34.9,26.1,0.6,30.21666666666667,56.958333333333336,1006.2916666666666,5.158333333333333,0.6,35.5,36.9,36.5,34.66666666666668,36.0,58.18055555555555,1006.9472222222222,5,5,35.2
2025-05-18,35.2,25.0,1.5,29.575,61.541666666666664,1005.7708333333334,5.008333333333334,1.5,34.9,33.6,37.6,35.20000000000001,35.65714285714286,58.388888888888886,1006.3291666666668,6,5,34.0
2025-05-19,34.0,23.6,8.8,28.870833333333334,68.04166666666667,1005.1750000000001,6.154166666666666,8.8,35.2,35.5,37.0,34.70000000000001,35.22857142857143,62.180555555555564,1005.7458333333334,0,5,34.5
2025-05-20,34.5,25.7,1.9,29.941666666666666,64.79166666666667,1004.0083333333333,6.054166666666667,1.9,34.0,34.9,36.5,34.56666666666667,34.94285714285714,64.79166666666667,1004.9847222222223,1,5,30.2
2025-05-21,30.2,24.1,24.5,26.379166666666666,82.0,1005.3625000000001,4.725,24.5,34.5,35.2,36.9,32.900000000000006,33.98571428571429,71.61111111111113,1004.8486111111112,2,5,30.8
2025-05-22,30.8,23.7,5.4,26.525000000000002,77.70833333333333,1004.9875000000001,8.933333333333334,5.3999999999999995,30.2,34.0,33.6,31.833333333333343,33.58571428571428,74.83333333333333,1004.7861111111112,3,5,31.5
2025-05-23,31.5,24.0,1.0,27.45,69.125,1002.6875,9.654166666666667,1.0,30.8,34.5,35.5,30.83333333333334,33.01428571428571,76.27777777777777,1004.3458333333334,4,5,31.1
2025-05-24,31.1,24.5,1.6,26.8625,73.625,1001.775,8.2875,1.6,31.5,30.2,34.9,31.133333333333336,32.471428571428575,73.4861111111111,1003.15,5,5,30.4
2025-05-25,30.4,23.2,2.6,26.4875,77.25,1002.1999999999999,9.916666666666666,2.6,31.1,30.8,35.2,31.000000000000004,31.785714285714285,73.33333333333333,1002.2208333333333,6,5,28.8
2025-05-26,28.8,23.7,2.0,25.741666666666664,80.95833333333333,1001.4583333333334,6.783333333333334,2.0,30.4,31.5,34.0,30.100000000000005,31.042857142857144,77.27777777777777,1001.8111111111111,0,5,30.7
2025-05-27,30.7,23.4,1.5,25.945833333333336,80.79166666666667,1001.1666666666666,10.004166666666666,1.5,28.8,31.1,34.5,29.96666666666667,30.5,79.66666666666667,1001.6083333333332,1,5,28.0
2025-05-28,28.0,23.8,3.5,25.3125,84.0,1001.2125,12.129166666666668,3.5,30.7,30.4,30.2,29.16666666666667,30.185714285714283,81.91666666666667,1001.2791666666667,2,5,30.9
2025-05-29,30.9,23.5,4.5,26.125,81.75,1000.5916666666667,10.333333333333334,4.5,28.0,28.8,30.8,29.866666666666674,30.2,82.18055555555556,1000.9902777777778,3,5,32.2
2025-05-30,32.2,23.6,1.8,27.7375,70.83333333333333,1001.35,12.308333333333332,1.8,30.9,30.7,31.5,30.366666666666674,30.300000000000004,78.8611111111111,1001.0513888888889,4,5,33.6
2025-05-31,33.6,24.5,0.0,28.583333333333332,59.125,1004.5916666666667,13.129166666666668,0.0,32.2,28.0,31.1,32.23333333333334,30.657142857142855,70.56944444444444,1002.1777777777778,5,5,33.0
2025-06-01,33.0,24.3,0.2,28.004166666666666,61.833333333333336,1006.4291666666667,13.225,0.2,33.6,30.9,30.4,32.93333333333334,31.028571428571432,63.93055555555555,1004.1236111111111,6,6,31.9
2025-06-02,31.9,24.0,1.1,27.3125,66.08333333333333,1006.0749999999999,12.933333333333332,1.1,33.0,32.2,28.8,32.83333333333334,31.47142857142857,62.34722222222223,1005.6986111111111,0,6,31.8
2025-06-03,31.8,24.1,0.2,27.7,64.54166666666667,1006.2166666666667,10.700000000000001,0.2,31.9,33.6,30.7,32.23333333333334,31.62857142857143,64.15277777777779,1006.2402777777778,1,6,33.0
2025-06-04,33.0,23.9,0.1,28.358333333333334,59.208333333333336,1007.1125000000001,10.575000000000001,0.1,31.8,33.0,28.0,32.23333333333334,32.34285714285714,63.27777777777778,1006.4680555555556,2,6,32.5
2025-06-05,32.5,23.9,0.7,27.991666666666664,62.208333333333336,1008.275,5.941666666666666,0.7,33.0,31.9,30.9,32.43333333333334,32.57142857142857,61.98611111111112,1007.201388888889,3,6,33.8
2025-06-06,33.8,23.8,0.2,28.991666666666664,61.041666666666664,1008.4833333333332,5.783333333333334,0.2,32.5,31.8,32.2,33.1,32.800000000000004,60.81944444444445,1007.9569444444445,4,6,35.4
2025-06-07,35.4,25.5,0.0,29.71666666666667,55.708333333333336,1007.9458333333333,8.65,0.0,33.8,33.0,33.6,33.900000000000006,33.05714285714286,59.65277777777778,1008.2347222222221,5,6,35.1
2025-06-08,35.1,25.5,0.6,29.375,59.75,1007.0041666666666,9.933333333333334,0.6,35.4,32.5,33.0,34.76666666666667,33.357142857142854,58.833333333333336,1007.8111111111111,6,6,28.6
2025-06-09,28.6,24.7,6.2,26.108333333333334,77.20833333333333,1006.0416666666666,11.3375,6.2,35.1,33.8,31.9,33.03333333333334,32.885714285714286,64.22222222222223,1006.9972222222223,0,6,31.5
2025-06-10,31.5,24.6,1.6,27.395833333333332,69.83333333333333,1002.9375,11.795833333333334,1.6,28.6,35.4,31.8,31.733333333333338,32.84285714285714,68.93055555555556,1005.3277777777777,1,6,30.1
2025-06-11,30.1,23.9,2.6,26.641666666666666,74.79166666666667,1002.1916666666666,9.987499999999999,2.6,31.5,35.1,33.0,30.066666666666674,32.42857142857143,73.94444444444444,1003.723611111111,2,6,31.1
2025-06-12,31.1,22.6,10.0,26.53333333333333,80.29166666666667,1001.8625000000001,4.825,10.0,30.1,28.6,32.5,30.900000000000006,32.22857142857143,74.97222222222223,1002.3305555555556,3,6,32.1
2025-06-13,32.1,24.2,0.9,27.604166666666668,76.95833333333333,1002.2375000000001,4.2749999999999995,0.9,31.1,31.5,33.8,31.100000000000005,31.98571428571429,77.34722222222223,1002.0972222222223,4,6,31.4
2025-06-14,31.4,24.6,1.6,27.670833333333334,73.95833333333333,1002.2791666666667,8.433333333333334,1.6,32.1,30.1,35.4,31.533333333333342,31.414285714285715,77.06944444444444,1002.126388888889,5,6,30.9
2025-06-15,30.9,23.8,5.4,26.545833333333334,76.95833333333333,1001.5291666666667,12.637500000000001,5.4,31.4,31.1,35.1,31.46666666666667,30.814285714285717,75.95833333333333,1002.0152777777779,6,6,30.2
2025-06-16,30.2,23.8,1.6,26.391666666666666,75.0,1001.625,17.8,1.5999999999999999,30.9,32.1,28.6,30.83333333333334,31.04285714285714,75.30555555555556,1001.8111111111111,0,6,31.8
2025-06-17,31.8,24.1,0.1,27.575,65.70833333333333,1004.0666666666666,15.4125,0.1,30.2,31.4,31.5,30.96666666666667,31.085714285714285,72.55555555555556,1002.4069444444444,1,6,31.4
2025-06-18,31.4,23.7,0.2,27.52916666666667,65.70833333333333,1004.5166666666668,15.654166666666667,0.2,31.8,30.9,30.1,31.133333333333336,31.271428571428572,68.80555555555556,1003.4027777777777,2,6,31.6
2025-06-19,31.6,24.1,2.3,27.266666666666666,68.29166666666667,1004.4583333333334,18.479166666666668,2.3000000000000003,31.4,30.2,31.1,31.600000000000005,31.342857142857145,66.56944444444446,1004.3472222222222,3,6,31.6
2025-06-20,31.6,24.1,0.2,27.504166666666666,66.70833333333333,1005.7208333333333,16.041666666666668,0.2,31.6,31.8,32.1,31.533333333333342,31.271428571428572,66.90277777777779,1004.8986111111111,4,6,32.5
2025-06-21,32.5,23.7,0.3,28.133333333333336,63.583333333333336,1005.6958333333333,15.695833333333333,0.30000000000000004,31.6,31.4,31.4,31.900000000000006,31.428571428571427,66.19444444444444,1005.2916666666666,5,6,33.0
2025-06-22,33.0,23.6,1.0,28.150000000000002,60.916666666666664,1005.0875,15.708333333333334,1.0,32.5,31.6,30.9,32.366666666666674,31.728571428571428,63.736111111111114,1005.5013888888889,6,6,31.7
2025-06-23,31.7,24.0,0.5,26.71666666666667,67.45833333333333,1003.8583333333332,18.404166666666665,0.5,33.0,31.6,30.2,32.400000000000006,31.942857142857147,63.986111111111114,1004.8805555555555,0,6,29.4
2025-06-24,29.4,23.4,12.4,25.745833333333334,73.875,1002.65,18.7,12.4,31.7,32.5,31.8,31.36666666666667,31.599999999999998,67.41666666666667,1003.8652777777778,1,6,28.9
2025-06-25,28.9,23.7,7.2,25.945833333333336,73.54166666666667,1002.9499999999999,14.945833333333333,7.2,29.4,33.0,31.4,30.000000000000004,31.24285714285714,71.625,1003.1527777777777,2,6,30.0
2025-06-26,30.0,22.8,9.8,26.1875,74.25,1003.4166666666666,14.6625,9.8,28.9,31.7,31.6,29.433333333333337,31.014285714285712,73.8888888888889,1003.0055555555555,3,6,30.4
2025-06-27,30.4,23.3,1.6,26.695833333333336,69.41666666666667,1004.7708333333334,14.691666666666668,1.5999999999999999,30.0,29.4,31.6,29.76666666666667,30.842857142857145,72.40277777777779,1003.7125,4,6,32.0
2025-06-28,32.0,23.4,0.3,27.579166666666666,63.75,1005.1041666666666,15.866666666666667,0.3,30.4,28.9,32.5,30.8,30.771428571428572,69.1388888888889,1004.4305555555555,5,6,32.0
2025-06-29,32.0,23.8,1.5,26.891666666666666,64.79166666666667,1004.8625000000001,17.8875,1.5,32.0,30.0,33.0,31.46666666666667,30.62857142857143,65.98611111111113,1004.9125,6,6,30.6
2025-06-30,30.6,23.1,8.7,25.479166666666668,74.75,1004.7958333333332,17.041666666666668,8.7,32.0,30.4,31.7,31.533333333333342,30.471428571428568,67.7638888888889,1004.9208333333332,0,6,28.0
2025-07-01,28.0,22.7,9.6,24.508333333333336,82.95833333333333,1004.525,17.55,9.6,30.6,32.0,29.4,30.200000000000006,30.271428571428572,74.16666666666667,1004.7277777777778,1,7,27.8
2025-07-02,27.8,22.7,4.9,24.641666666666666,84.79166666666667,1004.2166666666667,13.170833333333334,4.9,28.0,32.0,28.9,28.800000000000008,30.114285714285717,80.83333333333333,1004.5124999999999,2,7,27.7
2025-07-03,27.7,23.4,1.8,25.241666666666664,77.70833333333333,1004.7541666666666,15.15,1.8,27.8,30.6,30.0,27.83333333333334,29.785714285714285,81.81944444444444,1004.4986111111111,3,7,29.9
2025-07-04,29.9,23.5,11.5,25.895833333333332,75.20833333333333,1005.8333333333334,16.8125,11.5,27.7,28.0,30.4,28.46666666666667,29.714285714285715,79.2361111111111,1004.9347222222223,4,7,29.9
2025-07-05,29.9,23.9,2.9,26.0,74.54166666666667,1005.2583333333333,18.041666666666668,2.9,29.9,27.8,32.0,29.16666666666667,29.414285714285715,75.81944444444444,1005.2819444444444,5,7,30.8
2025-07-06,30.8,23.4,2.4,26.59166666666667,68.79166666666667,1003.9041666666667,17.941666666666666,2.4,29.9,27.7,32.0,30.200000000000003,29.24285714285714,72.84722222222223,1004.9986111111111,6,7,28.9
2025-07-07,28.9,23.2,3.0,25.4875,76.04166666666667,1004.2833333333333,17.587500000000002,3.0,30.8,29.9,30.6,29.86666666666667,29.0,73.12500000000001,1004.4819444444444,0,7,29.8
2025-07-08,29.8,23.3,1.7,25.837500000000002,73.58333333333333,1005.0791666666668,16.641666666666666,1.7000000000000002,28.9,29.9,28.0,29.83333333333334,29.25714285714286,72.80555555555556,1004.4222222222223,1,7,29.9
2025-07-09,29.9,23.7,0.6,26.025000000000002,73.20833333333333,1005.5166666666668,14.729166666666666,0.6000000000000001,29.8,30.8,27.8,29.533333333333342,29.557142857142853,74.27777777777779,1004.9597222222222,2,7,31.4
2025-07-10,31.4,22.9,0.7,26.858333333333334,69.70833333333333,1005.2708333333334,11.887500000000001,0.7000000000000001,29.9,28.9,27.7,30.36666666666667,30.085714285714285,72.16666666666667,1005.2888888888889,3,7,31.6
2025-07-11,31.6,23.4,0.3,27.495833333333334,68.20833333333333,1004.8708333333334,9.866666666666667,0.30000000000000004,31.4,29.8,29.9,30.96666666666667,30.328571428571426,70.375,1005.2194444444444,4,7,32.2
2025-07-12,32.2,23.7,1.3,27.65833333333333,67.16666666666667,1005.3333333333334,12.308333333333332,1.3,31.6,29.9,29.9,31.733333333333338,30.657142857142855,68.36111111111113,1005.1583333333334,5,7,32.0
2025-07-13,32.0,24.4,0.0,28.09166666666667,62.833333333333336,1005.1916666666666,13.270833333333334,0.0,32.2,31.4,30.8,31.933333333333337,30.82857142857143,66.06944444444444,1005.1319444444443,6,7,32.3
2025-07-14,32.3,24.2,1.2,28.183333333333334,62.125,1004.8208333333333,15.075000000000001,1.2000000000000002,32.0,31.6,28.9,32.16666666666668,31.314285714285713,64.04166666666667,1005.1152777777778,0,7,31.2
2025-07-15,31.2,24.0,2.7,26.97083333333333,71.04166666666667,1004.3541666666666,13.658333333333333,2.7,32.3,32.2,29.8,31.833333333333332,31.514285714285712,65.33333333333334,1004.7888888888889,1,7,32.2
2025-07-16,32.2,23.8,4.3,27.754166666666666,68.70833333333333,1003.9125,9.816666666666666,4.3,31.2,32.0,29.9,31.900000000000006,31.84285714285715,67.29166666666667,1004.3625000000001,2,7,31.3
2025-07-17,31.3,22.8,7.0,27.0125,77.04166666666667,1004.8000000000001,6.341666666666666,7.0,32.2,32.3,31.4,31.566666666666674,31.82857142857143,72.2638888888889,1004.3555555555555,3,7,31.1
2025-07-18,31.1,22.7,12.5,25.97083333333333,81.875,1005.3000000000001,6.2875000000000005,12.5,31.3,31.2,31.6,31.533333333333335,31.75714285714286,75.87500000000001,1004.6708333333335,4,7,30.2
2025-07-19,30.2,22.5,8.5,25.7,82.75,1003.1750000000001,7.2124999999999995,8.5,31.1,32.2,32.2,30.86666666666667,31.47142857142857,80.55555555555556,1004.4250000000002,5,7,29.5
2025-07-20,29.5,23.7,2.1,26.25,77.875,1002.5375,8.575000000000001,2.1,30.2,31.3,32.0,30.26666666666667,31.114285714285717,80.83333333333334,1003.6708333333335,6,7,30.3
2025-07-21,30.3,23.5,3.0,26.245833333333334,79.45833333333333,1003.1708333333332,10.066666666666666,3.0,29.5,31.1,32.3,30.0,30.828571428571426,80.02777777777779,1002.9611111111111,0,7,29.0
2025-07-22,29.0,23.0,5.5,25.316666666666666,83.70833333333333,1003.2833333333333,12.4625,5.5,30.3,30.2,31.2,29.600000000000005,30.514285714285712,80.34722222222223,1002.9972222222223,1,7,27.6
2025-07-23,27.6,23.0,8.1,24.420833333333334,87.33333333333333,1002.4250000000001,15.129166666666668,8.1,29.0,29.5,32.2,28.96666666666667,29.857142857142858,83.5,1002.9597222222222,2,7,25.7
2025-07-24,25.7,22.8,8.5,23.925,87.5,1001.9875000000001,15.783333333333333,8.5,27.6,30.3,31.3,27.433333333333337,29.057142857142857,86.18055555555556,1002.5652777777777,3,7,26.6
2025-07-25,26.6,22.9,14.9,24.070833333333336,87.75,1001.6750000000001,16.729166666666668,14.9,25.7,29.0,31.1,26.633333333333336,28.414285714285715,87.52777777777779,1002.0291666666667,4,7,24.5
2025-07-26,24.5,22.6,23.5,23.55,90.54166666666667,1002.5749999999999,20.020833333333332,23.5,26.6,27.6,30.2,25.600000000000005,27.599999999999998,88.59722222222224,1002.0791666666668,5,7,29.3
2025-07-27,29.3,23.0,0.9,25.795833333333334,73.20833333333333,1003.9958333333334,20.425,0.9,24.5,25.7,29.5,26.8,27.571428571428573,83.83333333333336,1002.7486111111111,6,7,29.9
2025-07-28,29.9,22.6,0.0,25.974999999999998,70.29166666666667,1004.7541666666666,19.325,0.0,29.3,26.6,30.3,27.900000000000002,27.514285714285716,78.0138888888889,1003.775,0,7,29.6
2025-07-29,29.6,23.2,0.5,26.020833333333332,70.66666666666667,1004.9791666666666,18.804166666666667,0.5,29.9,24.5,29.0,29.600000000000005,27.6,71.3888888888889,1004.5763888888888,1,7,28.5
2025-07-30,28.5,23.2,2.9,25.3875,77.33333333333333,1005.2125,15.945833333333333,2.9,29.6,29.3,27.6,29.33333333333334,27.728571428571428,72.7638888888889,1004.9819444444444,2,7,29.3
2025-07-31,29.3,23.0,1.0,26.0125,74.125,1005.8708333333334,14.129166666666668,1.0,28.5,29.9,25.7,29.133333333333336,28.24285714285714,74.04166666666667,1005.3541666666666,3,7,30.3
2025-08-01,30.3,23.3,0.0,26.441666666666666,73.0,1006.25,11.970833333333333,0.0,29.3,29.6,26.6,29.36666666666667,28.771428571428572,74.81944444444446,1005.7777777777778,4,8,30.8
2025-08-02,30.8,23.6,0.2,27.041666666666668,70.54166666666667,1006.0958333333333,8.375,0.2,30.3,28.5,24.5,30.133333333333336,29.671428571428574,72.55555555555556,1006.0722222222222,5,8,30.7
2025-08-03,30.7,23.4,0.6,26.854166666666668,76.375,1007.1583333333333,6.75,0.6000000000000001,30.8,29.3,29.3,30.600000000000005,29.87142857142857,73.30555555555556,1006.5013888888889,6,8,31.1
2025-08-04,31.1,23.4,4.1,26.4375,80.29166666666667,1008.1291666666666,3.8208333333333333,4.1,30.7,30.3,29.9,30.86666666666667,30.04285714285714,75.73611111111113,1007.1277777777777,0,8,29.6
2025-08-05,29.6,23.6,6.6,26.566666666666666,79.5,1007.6,3.6458333333333335,6.6,31.1,30.8,29.6,30.46666666666667,30.042857142857144,78.72222222222223,1007.6291666666666,1,8,31.5
2025-08-06,31.5,22.8,7.0,26.666666666666668,79.125,1007.3958333333334,3.8041666666666667,7.0,29.6,30.7,28.5,30.733333333333334,30.47142857142857,79.6388888888889,1007.7083333333334,2,8,30.0
2025-08-07,30.0,24.1,23.7,26.15416666666667,83.16666666666667,1007.0541666666667,3.0833333333333335,23.7,31.5,31.1,29.3,30.36666666666667,30.571428571428573,80.59722222222223,1007.35,3,8,29.5
2025-08-08,29.5,22.5,3.9,26.045833333333334,79.875,1007.9208333333332,4.575,3.9000000000000004,30.0,29.6,30.3,30.333333333333332,30.45714285714286,80.72222222222223,1007.4569444444445,4,8,28.1
2025-08-09,28.1,21.8,5.4,24.808333333333334,85.08333333333333,1009.6541666666667,5.8625,5.4,29.5,31.5,30.8,29.200000000000003,30.071428571428573,82.70833333333334,1008.2097222222222,5,8,28.5
2025-08-10,28.5,22.8,15.0,24.758333333333336,85.70833333333333,1008.6541666666667,7.133333333333333,15.0,28.1,30.0,30.7,28.700000000000003,29.75714285714286,83.55555555555556,1008.7430555555555,6,8,28.6
2025-08-11,28.6,22.3,9.7,24.808333333333334,84.5,1007.9666666666667,9.858333333333333,9.7,28.5,29.5,31.1,28.400000000000002,29.400000000000002,85.09722222222223,1008.7583333333333,0,8,28.5
2025-08-12,28.5,22.2,4.4,24.920833333333334,83.04166666666667,1006.2291666666666,11.65,4.4,28.6,28.1,29.6,28.533333333333335,29.24285714285714,84.41666666666667,1007.6166666666667,1,8,26.3
2025-08-13,26.3,22.2,11.8,23.849999999999998,87.79166666666667,1004.5375,12.445833333333333,11.799999999999999,28.5,28.5,31.5,27.8,28.5,85.11111111111113,1006.2444444444445,2,8,27.4
2025-08-14,27.4,21.9,8.8,24.104166666666668,85.375,1004.5,11.799999999999999,8.8,26.3,28.6,30.0,27.400000000000002,28.128571428571426,85.40277777777779,1005.0888888888888,3,8,27.6
2025-08-15,27.6,22.3,4.8,24.3875,85.08333333333333,1003.2624999999999,13.5375,4.8,27.4,28.5,29.5,27.100000000000005,27.857142857142858,86.08333333333333,1004.1,4,8,26.9
2025-08-16,26.9,22.5,2.0,24.229166666666668,85.75,1001.9083333333333,15.341666666666667,2.0,27.6,26.3,28.1,27.3,27.685714285714287,85.40277777777779,1003.223611111111,5,8,26.6
2025-08-17,26.6,22.5,7.5,23.858333333333334,87.70833333333333,1002.3000000000001,13.174999999999999,7.5,26.9,27.4,28.5,27.033333333333335,27.414285714285715,86.18055555555556,1002.4902777777778,6,8,25.7
2025-08-18,25.7,22.4,15.6,23.604166666666668,87.91666666666667,1003.475,19.220833333333335,15.6,26.6,27.6,28.6,26.400000000000002,27.0,87.125,1002.5611111111111,0,8,26.9
2025-08-19,26.9,22.1,7.4,23.837500000000002,84.79166666666667,1003.7541666666666,20.712500000000002,7.4,25.7,26.9,28.5,26.400000000000002,26.771428571428572,86.80555555555556,1003.1763888888889,1,8,27.5
2025-08-20,27.5,22.7,2.8,24.650000000000002,82.45833333333333,1005.4125,16.8,2.8,26.9,26.6,26.3,26.700000000000003,26.942857142857143,85.05555555555557,1004.2138888888888,2,8,29.4
2025-08-21,29.4,22.4,0.1,25.84166666666667,75.58333333333333,1007.9958333333334,14.4,0.1,27.5,25.7,27.4,27.933333333333334,27.228571428571428,80.94444444444446,1005.7208333333334,3,8,28.9
2025-08-22,28.9,22.7,0.1,25.641666666666666,75.33333333333333,1008.0916666666667,13.783333333333333,0.1,29.4,26.9,27.6,28.600000000000005,27.41428571428571,77.79166666666667,1007.1666666666666,4,8,28.8
2025-08-23,28.8,22.4,0.1,25.3125,74.41666666666667,1007.3416666666667,15.441666666666668,0.1,28.9,27.5,26.9,29.033333333333335,27.685714285714287,75.11111111111113,1007.8097222222223,5,8,29.2
2025-08-24,29.2,22.2,0.1,25.616666666666664,71.75,1008.0625,14.829166666666666,0.1,28.8,29.4,26.6,28.96666666666667,28.057142857142853,73.83333333333336,1007.8319444444445,6,8,29.4
2025-08-25,29.4,21.9,0.1,25.641666666666666,71.16666666666667,1007.375,14.4375,0.1,29.2,28.9,25.7,29.133333333333336,28.585714285714285,72.44444444444446,1007.5930555555556,0,8,26.7
2025-08-26,26.7,22.7,19.8,24.212500000000002,84.5,1007.1875,11.508333333333333,19.8,29.4,28.8,26.9,28.433333333333337,28.557142857142853,75.80555555555556,1007.5416666666666,1,8,26.7
2025-08-27,26.7,22.2,25.8,23.320833333333336,91.125,1005.0625,13.270833333333334,25.8,26.7,29.2,27.5,27.599999999999998,28.442857142857143,82.2638888888889,1006.5416666666666,2,8,26.5
2025-08-28,26.5,21.8,17.6,23.695833333333336,88.95833333333333,1003.9708333333333,13.895833333333334,17.6,26.7,29.4,29.4,26.633333333333336,28.02857142857143,88.19444444444446,1005.4069444444444,3,8,28.6
2025-08-29,28.6,21.8,1.7,24.929166666666664,81.20833333333333,1004.975,13.1625,1.7,26.5,26.7,28.9,27.26666666666667,27.985714285714288,87.09722222222223,1004.6694444444444,4,8,29.6
2025-08-30,29.6,22.5,0.4,25.8625,77.25,1006.875,11.2125,0.4,28.6,26.7,28.8,28.233333333333334,28.099999999999998,82.47222222222223,1005.2736111111111,5,8,28.0
2025-08-31,28.0,22.9,2.9,25.03333333333333,84.125,1006.7583333333333,12.012500000000001,2.9000000000000004,29.6,26.5,29.2,28.733333333333334,27.928571428571427,80.86111111111113,1006.2027777777779,6,8,27.9
2025-09-01,27.9,22.7,8.7,24.78333333333333,83.125,1004.9916666666667,12.9,8.7,28.0,28.6,29.4,28.500000000000004,27.714285714285715,81.50000000000001,1006.2083333333334,0,9,27.0
2025-09-02,27.0,22.7,4.5,24.354166666666668,84.16666666666667,1004.4250000000001,13.820833333333333,4.5,27.9,29.6,26.7,27.633333333333336,27.75714285714286,83.80555555555556,1005.3916666666668,1,9,28.8
2025-09-03,28.8,22.2,0.2,24.945833333333336,78.5,1004.2666666666668,12.354166666666666,0.2,27.0,28.0,26.7,27.900000000000002,28.057142857142857,81.93055555555556,1004.5611111111111,2,9,29.4
2025-09-04,29.4,22.1,0.3,25.375,76.16666666666667,1005.2333333333332,12.166666666666666,0.30000000000000004,28.8,27.9,26.5,28.400000000000006,28.47142857142857,79.61111111111113,1004.6416666666668,3,9,29.1
2025-09-05,29.1,22.2,0.6,25.554166666666664,75.5,1006.7375000000001,11.320833333333333,0.6000000000000001,29.4,27.0,28.6,29.100000000000005,28.542857142857144,76.72222222222223,1005.4125,4,9,28.9
2025-09-06,28.9,22.8,0.2,25.662499999999998,77.91666666666667,1008.0666666666667,9.670833333333333,0.2,29.1,28.8,29.6,29.133333333333336,28.442857142857147,76.52777777777779,1006.6791666666667,5,9,29.3
2025-09-07,29.3,22.6,0.0,25.650000000000002,72.54166666666667,1008.275,9.304166666666667,0.0,28.9,29.4,28.0,29.100000000000005,28.62857142857143,75.31944444444446,1007.6930555555556,6,9,30.0
2025-09-08,30.0,22.7,0.5,26.166666666666668,72.58333333333333,1007.9083333333333,7.591666666666666,0.5,29.3,29.1,27.9,29.400000000000002,28.928571428571427,74.34722222222223,1008.0833333333334,0,9,31.8
2025-09-09,31.8,22.2,0.9,27.191666666666666,66.5,1008.5208333333334,5.520833333333333,0.9,30.0,28.9,27.0,30.36666666666667,29.614285714285717,70.54166666666667,1008.2347222222221,1,9,30.7
2025-09-10,30.7,22.6,12.2,26.1125,79.08333333333333,1008.9541666666668,6.4624999999999995,12.2,31.8,29.3,28.8,30.83333333333334,29.885714285714283,72.72222222222223,1008.4611111111111,2,9,26.7
2025-09-11,26.7,22.7,20.5,24.229166666666668,87.125,1008.5958333333333,10.700000000000001,20.5,30.7,30.0,29.4,29.733333333333338,29.5,77.56944444444446,1008.6902777777777,3,9,25.7
2025-09-12,25.7,21.9,6.6,23.849999999999998,88.75,1008.3458333333333,8.879166666666666,6.6,26.7,31.8,29.1,27.700000000000003,29.014285714285712,84.98611111111113,1008.6319444444445,4,9,27.2
2025-09-13,27.2,22.5,11.5,24.1125,89.54166666666667,1007.7708333333334,6.004166666666666,11.5,25.7,30.7,28.9,26.53333333333333,28.77142857142857,88.47222222222223,1008.2374999999998,5,9,29.3
2025-09-14,29.3,21.7,7.2,25.070833333333336,85.33333333333333,1007.8125,5.8125,7.199999999999999,27.2,26.7,29.3,27.400000000000002,28.771428571428572,87.875,1007.9763888888889,6,9,28.9
2025-09-15,28.9,22.6,4.5,25.258333333333336,84.29166666666667,1007.4499999999999,8.654166666666667,4.5,29.3,25.7,30.0,28.46666666666667,28.614285714285717,86.3888888888889,1007.6777777777778,0,9,29.4
2025-09-16,29.4,22.9,7.6,25.195833333333336,85.375,1007.4499999999999,6.1625000000000005,7.6,28.9,27.2,31.8,29.200000000000003,28.27142857142857,85.0,1007.5708333333332,1,9,28.8
2025-09-17,28.8,22.5,1.2,25.379166666666666,85.33333333333333,1007.9,4.045833333333333,1.2,29.4,29.3,30.7,29.033333333333335,28.0,85.00000000000001,1007.5999999999999,2,9,30.0
2025-09-18,30.0,21.9,6.3,25.775000000000002,83.45833333333333,1007.8291666666668,4.870833333333334,6.3,28.8,28.9,26.7,29.400000000000002,28.47142857142857,84.72222222222223,1007.7263888888889,3,9,30.3
2025-09-19,30.3,22.0,16.2,25.570833333333336,82.20833333333333,1008.4791666666666,6.645833333333333,16.2,30.0,29.4,25.7,29.700000000000003,29.12857142857143,83.66666666666667,1008.0694444444445,4,9,30.0
2025-09-20,30.0,21.9,2.2,25.695833333333336,82.25,1008.0166666666668,7.5,2.2,30.3,28.8,27.2,30.100000000000005,29.528571428571432,82.6388888888889,1008.1083333333332,5,9,29.7
2025-09-21,29.7,22.4,9.3,25.462500000000002,83.95833333333333,1007.2583333333333,7.925,9.299999999999999,30.0,30.0,29.3,30.0,29.585714285714285,82.80555555555556,1007.9180555555555,6,9,28.4
2025-09-22,28.4,22.4,6.8,24.775000000000002,87.20833333333333,1007.8583333333332,8.466666666666667,6.800000000000001,29.7,30.3,28.9,29.36666666666667,29.514285714285712,84.47222222222223,1007.7111111111111,0,9,28.7
2025-09-23,28.7,22.7,10.2,24.7,86.41666666666667,1008.1333333333333,10.9125,10.2,28.4,30.0,29.4,28.933333333333337,29.414285714285715,85.86111111111113,1007.75,1,9,28.3
2025-09-24,28.3,22.5,0.0,25.0,79.625,1006.5875,12.729166666666666,0.0,28.7,29.7,28.8,28.46666666666667,29.342857142857145,84.41666666666669,1007.5263888888888,2,9,25.7
2025-09-25,25.7,22.2,6.0,23.59583333333333,83.95833333333333,1005.9541666666668,14.483333333333334,6.0,28.3,28.4,30.0,27.566666666666666,28.728571428571428,83.33333333333334,1006.8916666666668,3,9,27.7
2025-09-26,27.7,21.7,16.9,23.679166666666664,88.04166666666667,1004.7333333333332,10.779166666666667,16.9,25.7,28.7,30.3,27.233333333333334,28.357142857142858,83.87500000000001,1005.7583333333333,4,9,25.1
2025-09-27,25.1,22.0,10.5,23.425,91.70833333333333,1004.8916666666668,12.016666666666666,10.5,27.7,28.3,30.0,26.166666666666668,27.657142857142855,87.90277777777779,1005.1930555555556,5,9,27.1
2025-09-28,27.1,21.7,3.3,23.8875,82.375,1005.7083333333334,12.616666666666667,3.3,25.1,25.7,29.7,26.633333333333336,27.285714285714285,87.375,1005.111111111111,6,9,29.2
2025-09-29,29.2,21.6,0.0,25.079166666666666,76.33333333333333,1006.5791666666668,10.483333333333333,0.0,27.1,27.7,28.4,27.133333333333336,27.4,83.47222222222223,1005.7263888888889,0,9,28.4
2025-09-30,28.4,22.1,0.1,25.183333333333334,78.95833333333333,1006.3333333333334,10.9,0.1,29.2,25.1,28.7,28.233333333333334,27.357142857142858,79.22222222222223,1006.2069444444445,1,9,29.2
2025-10-01,29.2,22.4,0.2,25.47083333333333,75.33333333333333,1006.0875,11.2125,0.2,28.4,27.1,28.3,28.933333333333337,27.485714285714284,76.875,1006.3333333333334,2,10,27.9
2025-10-02,27.9,23.0,0.0,25.1125,78.41666666666667,1007.7624999999999,10.470833333333333,0.0,29.2,29.2,25.7,28.5,27.8,77.56944444444446,1006.7277777777778,3,10,29.7
2025-10-03,29.7,23.0,0.0,25.825,75.75,1009.8166666666666,10.833333333333334,0.0,27.9,28.4,27.7,28.933333333333337,28.085714285714285,76.50000000000001,1007.8888888888888,4,10,29.7
2025-10-04,29.7,23.6,0.8,26.0125,78.5,1010.7791666666667,9.174999999999999,0.8,29.7,29.2,25.1,29.100000000000005,28.74285714285714,77.55555555555556,1009.4527777777777,5,10,29.6
2025-10-05,29.6,22.3,2.3,25.441666666666666,80.33333333333333,1011.0708333333333,6.925,2.3000000000000003,29.7,27.9,27.1,29.666666666666668,29.099999999999998,78.19444444444446,1010.5555555555555,6,10,29.6
2025-10-06,29.6,21.5,10.2,24.599999999999998,81.66666666666667,1011.9250000000001,7.858333333333333,10.2,29.6,29.7,29.2,29.633333333333336,29.157142857142862,80.16666666666667,1011.2583333333333,0,10,28.5
2025-10-07,28.5,21.8,3.4,24.724999999999998,81.79166666666667,1011.8874999999999,5.325,3.4000000000000004,29.6,29.7,28.4,29.233333333333338,29.17142857142857,81.2638888888889,1011.6277777777777,1,10,30.4
2025-10-08,30.4,22.7,0.7,25.945833333333336,74.83333333333333,1011.4833333333332,4.2,0.7000000000000001,28.5,29.6,29.2,29.5,29.342857142857145,79.43055555555557,1011.7652777777779,2,10,29.2
2025-10-09,29.2,22.0,1.1,25.829166666666666,75.45833333333333,1012.0666666666666,5.229166666666667,1.1,30.4,29.6,27.9,29.36666666666667,29.528571428571432,77.36111111111113,1011.8125,3,10,30.7
2025-10-10,30.7,22.8,0.0,26.370833333333334,60.125,1010.8874999999999,6.404166666666666,0.0,29.2,28.5,29.7,30.100000000000005,29.67142857142857,70.1388888888889,1011.4791666666666,4,10,30.8
2025-10-11,30.8,21.8,0.0,26.09166666666667,57.416666666666664,1010.9416666666666,7.954166666666667,0.0,30.7,30.4,29.7,30.233333333333334,29.82857142857143,64.33333333333334,1011.298611111111,5,10,31.4
2025-10-12,31.4,22.3,0.0,26.8875,56.75,1010.3416666666667,7.591666666666666,0.0,30.8,29.2,29.6,30.96666666666667,30.085714285714285,58.09722222222223,1010.723611111111,6,10,28.1
2025-10-13,28.1,23.7,0.2,25.5,70.04166666666667,1011.1541666666667,6.3374999999999995,0.2,31.4,30.7,29.6,30.100000000000005,29.871428571428574,61.40277777777779,1010.8125,0,10,28.9
2025-10-14,28.9,22.5,2.1,24.97083333333333,82.20833333333333,1009.8958333333334,8.237499999999999,2.1,28.1,30.8,28.5,29.46666666666667,29.928571428571427,69.66666666666669,1010.463888888889,1,10,29.7
2025-10-15,29.7,22.3,0.7,25.712500000000002,75.25,1009.7791666666667,9.220833333333333,0.7,28.9,31.4,30.4,28.900000000000002,29.82857142857143,75.83333333333336,1010.276388888889,2,10,31.0
2025-10-16,31.0,22.6,0.0,26.820833333333336,66.08333333333333,1010.275,8.4625,0.0,29.7,28.1,29.2,29.86666666666667,30.085714285714285,74.5138888888889,1009.9833333333335,3,10,31.2
2025-10-17,31.2,22.7,0.7,26.920833333333334,64.875,1011.6,9.016666666666667,0.7000000000000001,31.0,28.9,30.7,30.633333333333336,30.157142857142855,68.73611111111113,1010.5513888888889,4,10,31.7
2025-10-18,31.7,22.6,0.0,27.09583333333333,59.791666666666664,1010.7375000000001,7.341666666666666,0.0,31.2,29.7,30.8,31.3,30.285714285714285,63.58333333333334,1010.8708333333334,5,10,31.1
2025-10-19,31.1,22.5,1.3,26.195833333333336,67.875,1009.8458333333333,8.316666666666666,1.3,31.7,31.0,31.4,31.333333333333332,30.242857142857144,64.18055555555556,1010.7277777777778,6,10,29.8
2025-10-20,29.8,22.6,10.8,25.745833333333334,74.45833333333333,1009.7166666666667,6.745833333333334,10.8,31.1,31.2,28.1,30.86666666666667,30.485714285714284,67.375,1010.1,0,10,30.4
2025-10-21,30.4,22.8,2.2,25.483333333333334,76.5,1010.5791666666668,9.3125,2.2,29.8,31.7,28.9,30.433333333333337,30.7,72.94444444444446,1010.0472222222221,1,10,29.8
2025-10-22,29.8,22.6,5.1,25.09166666666667,80.625,1010.8833333333333,11.0625,5.1,30.4,31.1,29.7,30.0,30.714285714285715,77.19444444444446,1010.3930555555556,2,10,26.7
2025-10-23,26.7,22.5,5.5,23.71666666666667,89.25,1010.5833333333334,12.708333333333334,5.5,29.8,29.8,31.0,28.96666666666667,30.099999999999998,82.12500000000001,1010.6819444444445,3,10,25.7
2025-10-24,25.7,21.9,12.0,23.27916666666667,90.70833333333333,1010.9583333333334,7.8875,12.0,26.7,30.4,31.2,27.400000000000002,29.314285714285713,86.86111111111113,1010.8083333333334,4,10,27.0
2025-10-25,27.0,21.6,20.4,23.412499999999998,88.79166666666667,1010.7958333333332,6.333333333333333,20.4,25.7,29.8,31.7,26.46666666666667,28.642857142857142,89.58333333333336,1010.7791666666667,5,10,28.0
2025-10-26,28.0,21.6,1.0,24.47083333333333,83.95833333333333,1010.4208333333332,7.154166666666666,1.0,27.0,26.7,31.1,26.900000000000002,28.199999999999996,87.81944444444446,1010.7249999999999,6,10,28.8
2025-10-27,28.8,21.3,2.3,24.96666666666667,79.54166666666667,1010.0458333333332,4.379166666666666,2.3,28.0,25.7,29.8,27.933333333333337,28.057142857142857,84.09722222222223,1010.4208333333332,0,10,27.8
2025-10-28,27.8,22.0,16.8,23.55,88.58333333333333,1007.4499999999999,11.545833333333334,16.8,28.8,27.0,30.4,28.200000000000003,27.685714285714287,84.02777777777779,1009.3055555555555,1,10,23.8
2025-10-29,23.8,21.7,26.7,22.5125,91.125,1005.65,15.008333333333333,26.7,27.8,28.0,29.8,26.8,26.828571428571426,86.41666666666667,1007.7152777777777,2,10,28.4
2025-10-30,28.4,22.3,0.2,24.84583333333333,73.91666666666667,1008.8416666666667,13.529166666666667,0.2,23.8,28.8,26.7,26.66666666666667,27.071428571428573,84.54166666666667,1007.3138888888889,3,10,28.5
2025-10-31,28.5,20.9,0.0,24.429166666666664,71.04166666666667,1011.7666666666668,9.387500000000001,0.0,28.4,27.8,25.7,26.900000000000002,27.47142857142857,78.69444444444446,1008.7527777777779,4,10,28.7
2025-11-01,28.7,22.0,0.1,25.183333333333334,80.5,1011.9499999999999,5.191666666666667,0.1,28.5,23.8,27.0,28.533333333333335,27.714285714285715,75.15277777777779,1010.8527777777778,5,11,29.1
2025-11-02,29.1,22.5,0.4,25.008333333333336,81.0,1012.7666666666668,8.270833333333334,0.4,28.7,28.4,28.0,28.76666666666667,27.871428571428574,77.5138888888889,1012.1611111111112,6,11,28.8
2025-11-03,28.8,22.4,1.0,25.395833333333332,81.16666666666667,1012.0666666666666,6.795833333333333,1.0,29.1,28.5,28.8,28.86666666666667,27.87142857142857,80.8888888888889,1012.2611111111111,0,11,28.2
2025-11-04,28.2,22.3,1.6,24.354166666666668,84.54166666666667,1012.0208333333334,6.316666666666666,1.6,28.8,28.7,27.8,28.700000000000003,27.928571428571427,82.23611111111113,1012.2847222222223,1,11,29.7
2025-11-05,29.7,21.7,0.0,25.266666666666666,73.83333333333333,1010.7708333333334,5.7625,0.0,28.2,29.1,23.8,28.900000000000002,28.771428571428572,79.84722222222223,1011.6194444444444,2,11,28.7
2025-11-06,28.7,21.7,0.0,24.995833333333334,65.33333333333333,1011.7666666666668,6.2375,0.0,29.7,28.8,28.4,28.86666666666667,28.814285714285713,74.56944444444444,1011.5194444444445,3,11,29.5
2025-11-07,29.5,21.6,0.0,24.9875,58.166666666666664,1013.1458333333334,7.566666666666666,0.0,28.7,28.2,28.5,29.3,28.957142857142856,65.77777777777779,1011.8944444444445,4,11,28.9
2025-11-08,28.9,20.3,0.0,24.241666666666664,50.25,1014.2791666666667,6.720833333333334,0.0,29.5,29.7,28.7,29.03333333333333,28.985714285714288,57.91666666666668,1013.0638888888889,5,11,28.0
2025-11-09,28.0,18.3,0.0,23.375,53.708333333333336,1013.6041666666666,5.979166666666667,0.0,28.9,28.7,29.1,28.8,28.828571428571426,54.04166666666668,1013.6763888888889,6,11,28.8
2025-11-10,28.8,18.0,0.0,23.554166666666664,50.541666666666664,1013.5500000000001,4.320833333333334,0.0,28.0,29.5,28.8,28.566666666666666,28.82857142857143,51.50000000000001,1013.8111111111111,0,11,29.3
2025-11-11,29.3,19.2,0.0,24.21666666666667,49.166666666666664,1014.0791666666668,5.066666666666666,0.0,28.8,28.9,28.2,28.700000000000003,28.985714285714284,51.13888888888889,1013.7444444444445,1,11,29.5
2025-11-12,29.5,19.3,0.0,24.1375,47.875,1014.8291666666668,6.4750000000000005,0.0,29.3,28.0,29.7,29.200000000000003,28.957142857142856,49.19444444444446,1014.1527777777778,2,11,29.0
2025-11-13,29.0,18.7,0.0,23.458333333333332,44.791666666666664,1015.65,6.991666666666667,0.0,29.5,28.8,28.7,29.26666666666667,29.0,47.27777777777779,1014.8527777777778,3,11,28.2
2025-11-14,28.2,16.4,0.0,22.425,49.75,1015.375,5.983333333333333,0.0,29.0,29.3,29.5,28.900000000000002,28.814285714285717,47.47222222222223,1015.2847222222223,4,11,27.8
2025-11-15,27.8,16.7,0.0,22.441666666666666,51.708333333333336,1016.2041666666668,5.091666666666667,0.0,28.2,29.5,28.9,28.333333333333332,28.657142857142862,48.75000000000001,1015.7430555555555,5,11,27.9
2025-11-16,27.9,17.1,0.0,22.416666666666668,47.583333333333336,1017.1416666666668,7.008333333333333,0.0,27.8,29.0,28.0,27.96666666666667,28.642857142857142,49.68055555555557,1016.2402777777779,6,11,27.7
2025-11-17,27.7,17.4,0.0,22.370833333333334,45.083333333333336,1016.5916666666667,8.304166666666667,0.0,27.9,28.2,28.8,27.8,28.485714285714288,48.12500000000002,1016.6458333333334,0,11,29.1
2025-11-18,29.1,17.3,0.0,23.075,45.125,1014.7833333333333,5.508333333333333,0.0,27.7,27.8,29.3,28.233333333333334,28.45714285714286,45.930555555555564,1016.1722222222221,1,11,29.0
2025-11-19,29.0,17.4,0.0,23.125,48.833333333333336,1014.7624999999999,4.8,0.0,29.1,27.9,29.5,28.600000000000005,28.385714285714283,46.34722222222223,1015.3791666666666,2,11,28.9
2025-11-20,28.9,16.6,0.0,23.058333333333334,48.875,1015.4166666666666,5.7875000000000005,0.0,29.0,27.7,29.0,29.0,28.37142857142857,47.61111111111112,1014.9874999999998,3,11,29.7
2025-11-21,29.7,18.5,0.0,24.370833333333334,56.625,1016.275,6.308333333333334,0.0,28.9,29.1,28.2,29.200000000000003,28.585714285714285,51.44444444444446,1015.4847222222221,4,11,30.5
2025-11-22,30.5,20.8,0.0,25.266666666666666,63.375,1015.6708333333332,6.670833333333333,0.0,29.7,29.0,27.8,29.700000000000003,28.97142857142857,56.29166666666668,1015.7875,5,11,31.2
2025-11-23,31.2,21.0,0.0,25.7375,61.5,1015.3125,5.533333333333334,0.0,30.5,28.9,27.9,30.46666666666667,29.442857142857143,60.50000000000001,1015.7527777777777,6,11,30.2
2025-11-24,30.2,21.3,0.0,25.3875,53.791666666666664,1015.5666666666666,6.841666666666666,0.0,31.2,29.7,27.7,30.633333333333336,29.8,59.555555555555564,1015.5166666666665,0,11,29.3
2025-11-25,29.3,19.6,0.0,24.412499999999998,58.0,1015.65,7.5,0.0,30.2,30.5,29.1,30.233333333333334,29.828571428571426,57.76388888888889,1015.5097222222222,1,11,29.0
2025-11-26,29.0,19.1,0.0,23.991666666666664,60.833333333333336,1015.9416666666666,6.9875,0.0,29.3,31.2,29.0,29.5,29.828571428571426,57.54166666666668,1015.7194444444444,2,11,28.5
2025-11-27,28.5,18.7,0.0,23.616666666666664,62.791666666666664,1016.1291666666666,7.429166666666667,0.0,29.0,30.2,28.9,28.933333333333337,29.77142857142857,60.54166666666668,1015.9069444444444,3,11,28.1
2025-11-28,28.1,19.2,0.0,23.150000000000002,51.958333333333336,1014.7041666666668,9.229166666666666,0.0,28.5,29.3,29.7,28.533333333333335,29.542857142857144,58.52777777777779,1015.5916666666666,4,11,27.0
2025-11-29,27.0,17.2,0.0,22.104166666666668,50.958333333333336,1013.7291666666666,7.283333333333334,0.0,28.1,29.0,30.5,27.86666666666667,29.042857142857144,55.23611111111112,1014.8541666666666,5,11,26.9
2025-11-30,26.9,19.2,0.0,22.775000000000002,53.958333333333336,1013.3375,7.016666666666667,0.0,27.0,28.5,31.2,27.33333333333334,28.428571428571427,52.29166666666668,1013.923611111111,6,11,28.3
2025-12-01,28.3,19.5,0.2,23.412499999999998,59.708333333333336,1013.2666666666668,6.516666666666667,0.2,26.9,28.1,30.2,27.400000000000002,28.157142857142855,54.87500000000001,1013.4444444444445,0,12,28.8
2025-12-02,28.8,19.0,0.0,23.97083333333333,61.583333333333336,1013.3416666666667,6.9624999999999995,0.0,28.3,27.0,29.3,28.0,28.08571428571429,58.41666666666668,1013.3152777777779,1,12,28.5
2025-12-03,28.5,20.3,0.0,24.120833333333334,58.208333333333336,1014.7208333333333,8.058333333333334,0.0,28.8,26.9,29.0,28.533333333333335,28.014285714285716,59.83333333333334,1013.776388888889,2,12,28.4
2025-12-04,28.4,20.8,0.1,24.316666666666666,62.375,1016.0041666666666,7.25,0.1,28.5,28.3,28.5,28.566666666666666,28.0,60.72222222222223,1014.6888888888889,3,12,28.2
2025-12-05,28.2,19.7,0.0,23.641666666666666,51.708333333333336,1017.2208333333333,8.320833333333333,0.0,28.4,28.8,28.1,28.36666666666667,28.014285714285712,57.430555555555564,1015.9819444444444,4,12,28.3
2025-12-06,28.3,17.9,0.0,22.974999999999998,48.916666666666664,1017.5875,6.841666666666666,0.0,28.2,28.5,27.0,28.3,28.199999999999996,54.33333333333334,1016.9375,5,12,29.1
2025-12-07,29.1,18.8,0.0,23.425,45.416666666666664,1017.275,7.3374999999999995,0.0,28.3,28.4,26.9,28.533333333333335,28.514285714285716,48.680555555555564,1017.361111111111,6,12,28.9
2025-12-08,28.9,17.3,0.0,22.662499999999998,39.791666666666664,1016.8625000000001,7.304166666666667,0.0,29.1,28.2,28.3,28.76666666666667,28.599999999999998,44.708333333333336,1017.2416666666667,0,12,28.8
2025-12-09,28.8,17.5,0.0,22.733333333333334,34.916666666666664,1016.2916666666666,9.179166666666667,0.0,28.9,28.3,28.8,28.933333333333337,28.599999999999998,40.04166666666668,1016.8097222222223,1,12,28.6
2025-12-10,28.6,17.6,0.0,22.679166666666664,35.083333333333336,1016.8249999999999,8.85,0.0,28.8,29.1,28.5,28.76666666666667,28.61428571428571,36.597222222222236,1016.6597222222222,2,12,28.3
2025-12-11,28.3,16.8,0.0,22.179166666666664,31.75,1016.2041666666668,7.3625,0.0,28.6,28.9,28.4,28.566666666666674,28.6,33.91666666666668,1016.4402777777777,3,12,28.2
2025-12-12,28.2,15.2,0.0,21.941666666666666,35.083333333333336,1015.2458333333334,5.858333333333333,0.0,28.3,28.8,28.2,28.36666666666667,28.599999999999998,33.972222222222236,1016.0916666666667,4,12,28.3
2025-12-13,28.3,15.1,0.0,22.079166666666666,42.041666666666664,1015.2291666666666,4.5874999999999995,0.0,28.2,28.6,28.3,28.26666666666667,28.6,36.29166666666668,1015.5597222222223,5,12,28.3
2025-12-14,28.3,16.4,0.0,22.316666666666666,45.375,1015.8125,5.3125,0.0,28.3,28.3,29.1,28.26666666666667,28.485714285714284,40.83333333333334,1015.4291666666667,6,12,27.7
2025-12-15,27.7,16.7,0.0,22.020833333333332,49.958333333333336,1016.1333333333333,5.716666666666666,0.0,28.3,28.2,28.9,28.100000000000005,28.314285714285717,45.79166666666668,1015.7249999999999,0,12,27.9
2025-12-16,27.9,17.0,0.0,22.070833333333336,51.916666666666664,1016.0458333333332,6.1125,0.0,27.7,28.3,28.8,27.96666666666667,28.185714285714287,49.08333333333334,1015.9972222222223,1,12,29.2
2025-12-17,29.2,17.7,0.0,22.962500000000002,49.25,1017.0416666666666,5.841666666666666,0.0,27.9,28.3,28.6,28.26666666666667,28.271428571428572,50.37500000000001,1016.4069444444444,2,12,29.0
2025-12-18,29.0,17.2,0.0,22.7375,39.958333333333336,1016.5333333333333,7.116666666666667,0.0,29.2,27.7,28.3,28.7,28.37142857142857,47.04166666666668,1016.5402777777778,3,12,27.5
2025-12-19,27.5,17.4,0.0,22.129166666666666,36.541666666666664,1014.9625,8.316666666666666,0.0,29.0,27.9,28.2,28.566666666666674,28.271428571428572,41.91666666666668,1016.1791666666667,4,12,27.3
2025-12-20,27.3,15.9,0.0,21.587500000000002,41.541666666666664,1013.5958333333333,6.908333333333334,0.0,27.5,29.2,28.3,27.933333333333337,28.12857142857143,39.34722222222223,1015.0305555555556,5,12,27.0
2025-12-21,27.0,14.8,0.0,21.1875,54.541666666666664,1014.8041666666667,4.845833333333333,0.0,27.3,29.0,28.3,27.26666666666667,27.942857142857147,44.208333333333336,1014.4541666666668,6,12,27.5
2025-12-22,27.5,17.0,0.0,22.175,47.5,1014.7583333333333,5.604166666666667,0.0,27.0,27.5,27.7,27.26666666666667,27.914285714285715,47.86111111111112,1014.3861111111111,0,12,27.5
2025-12-23,27.5,15.6,0.0,21.71666666666667,48.875,1014.1,5.391666666666667,0.0,27.5,27.3,27.9,27.33333333333334,27.857142857142858,50.305555555555564,1014.5541666666667,1,12,27.1
2025-12-24,27.1,17.1,0.0,21.97083333333333,47.791666666666664,1014.1708333333332,6.445833333333333,0.0,27.5,27.0,29.2,27.36666666666667,27.557142857142857,48.055555555555564,1014.3430555555555,2,12,26.8
2025-12-25,26.8,16.7,0.0,21.900000000000002,47.083333333333336,1014.9416666666666,5.6499999999999995,0.0,27.1,27.5,29.0,27.133333333333336,27.24285714285714,47.91666666666668,1014.4041666666666,3,12,26.6
2025-12-26,26.6,16.2,0.0,21.425,51.833333333333336,1014.975,4.858333333333333,0.0,26.8,27.5,27.5,26.83333333333334,27.114285714285717,48.90277777777779,1014.6958333333333,4,12,26.9
2025-12-27,26.9,16.2,0.0,21.483333333333334,52.708333333333336,1015.2708333333334,4.283333333333333,0.0,26.6,27.1,27.3,26.76666666666667,27.057142857142853,50.541666666666686,1015.0625,5,12,26.8
2025-12-28,26.8,16.2,0.0,21.504166666666666,51.916666666666664,1015.7958333333332,4.920833333333333,0.0,26.9,26.8,27.0,26.76666666666667,27.02857142857143,52.15277777777779,1015.3472222222222,6,12,26.6
2025-12-29,26.6,16.5,0.0,21.46666666666667,50.833333333333336,1015.5166666666668,5.3875,0.0,26.8,26.6,27.5,26.76666666666667,26.9,51.81944444444446,1015.5277777777778,0,12,28.0
2025-12-30,28.0,16.1,0.0,21.995833333333334,51.5,1014.3333333333334,2.775,0.0,26.6,26.9,27.5,27.133333333333336,26.971428571428568,51.41666666666668,1015.2152777777778,1,12,28.3
